,0
0,sourcebus.1
1,sourcebus.2
2,sourcebus.3
3,800.1
4,800.2
5,800.3
6,802.1
7,802.2
8,802.3
9,806.1
10,806.2
11,806.3
12,808.1
13,808.2
14,808.3
15,810.2
16,812.1
17,812.2
18,812.3
19,814.1
20,814.2
21,814.3
22,814r.1
23,814r.2
24,814r.3
25,850.1
26,850.2
27,850.3
28,816.1
29,816.2
30,816.3
31,818.1
32,824.1
33,824.2
34,824.3
35,820.1
36,822.1
37,826.2
38,828.1
39,828.2
40,828.3
41,830.1
42,830.2
43,830.3
44,854.1
45,854.2
46,854.3
47,832.1
48,832.2
49,832.3
50,858.1
51,858.2
52,858.3
53,834.1
54,834.2
55,834.3
56,860.1
57,860.2
58,860.3
59,842.1
60,842.2
61,842.3
62,836.1
63,836.2
64,836.3
65,840.1
66,840.2
67,840.3
68,862.1
69,862.2
70,862.3
71,844.1
72,844.2
73,844.3
74,846.1
75,846.2
76,846.3
77,848.1
78,848.2
79,848.3
80,852r.1
81,852r.2
82,852r.3
83,888.1
84,888.2
85,888.3
86,856.2
87,852.1
88,852.2
89,852.3
90,864.1
91,838.2
92,890.1
93,890.2
94,890.3
