,node_852r.1_harmonico_60,node_852r.1_harmonico_180,node_852r.1_harmonico_300,node_852r.1_harmonico_420,node_852r.1_harmonico_540,node_852r.1_harmonico_660,node_852r.1_harmonico_780,node_852r.1_harmonico_900,node_852r.1_harmonico_1020,node_852r.1_harmonico_1140,node_852r.1_harmonico_1260,node_852r.1_harmonico_1380,node_852r.1_harmonico_1500
0,36225.02029809892,-0.0017774915824269532,0.06813939645307641,0.04597921936198817,0.0227150421566322,0.013964291722493846,0.009401606286315919,0.006469053384546107,0.00430933860701676,0.0025781508254163563,0.0011592029573218358,0.00010953544993379561,-0.00038580751305935927
1,20914.119566572746,0.03299591320196644,0.049593472454764406,-0.0204842721067796,-0.01852030970534658,-0.01384974386086524,-0.010101212161176421,-0.006938010736347758,-0.003994490806325686,-0.0009816655466720376,0.0023611901078767375,0.006266180548662872,0.010791136979464227
2,-0.3269374281771782,0.03031183474767174,-0.00878192991978306,-0.03711514664775798,-0.023124525904633753,-0.015364317264325066,-0.010254137974487876,-0.006285650174317711,-0.002783351083320282,0.000646149451861863,0.0043117612651586415,0.008537365143287347,0.013735228976607512
3,-41828.90383917119,-0.015964967526544104,-0.08409399880910741,-0.020693587300007147,-0.007170957124133994,-0.003575128659260193,-0.0021579580019309335,-0.0015085542313204266,-0.001231674952871748,-0.0011994461171837385,-0.001391799776568,-0.0018700323295572341,-0.0028212136507956695
4,-36224.69336067334,-0.028534343165246227,-0.05935746653329381,-0.008864072714232677,0.00040948374800238294,0.001400025541830056,0.0008525316881714941,-0.00018340321022897068,-0.0015259875236970793,-0.0032243002772780944,-0.005470964222480348,-0.00864690059322114,-0.013349421463548512
5,20914.784280761924,-0.017030945675423168,0.034500526354343156,0.0411778594067823,0.025691266829482553,0.017424872520125905,0.012259170163107772,0.008446564967668846,0.005226165759197869,0.002181111663855709,-0.0009693903313089591,-0.004396148219105606,-0.007969923328667116
6,15094.723006612365,0.009941128024177992,0.04797789546871971,0.020964021490979604,0.008555557756271448,0.004810166396376994,0.0032612910195363256,0.0025357962790337643,0.002243133863224329,0.002285488463938325,0.002724139339738311,0.003789231069780523,0.005864594631863217
7,-0.25864996021259173,0.019025314540282813,0.006410030339302446,-0.023093445409810193,-0.01666711526772726,-0.011822407842685125,-0.00846922114416133,-0.005836985558476099,-0.0035036899863348727,-0.001204390580231032,0.0012570480851466696,0.003992310608966289,0.006822575094416807
8,-7547.562626015675,0.01280899270880592,-0.028915502729965806,-0.031681707713298035,-0.01750380779954096,-0.011210742463658089,-0.007519928871076408,-0.004877154960787946,-0.0026894086683385636,-0.0006586691241382049,0.0014108465434677067,0.0036853743247958924,0.006337953092496189
9,-13072.318015288321,-0.018489644370813376,-0.05116254799584137,-0.00024701790343727024,0.0042553314484907396,0.0038724903976132883,0.0029938532837626374,0.0020416727015583093,0.0010320428209694768,-9.537280405009745e-05,-0.001439980292798816,-0.0031542148956135675,-0.005482858179307231
10,-7547.186743935519,-0.02210467361294667,-0.02020383570897617,0.010404088529874456,0.008801935290186818,0.0062842211158304125,0.004160598830816265,0.0022831227033387595,0.00047913127950135337,-0.001400427992896314,-0.003511519002096927,-0.006057201564200239,-0.009334952433169032
11,13072.56755414614,-0.0010919259060765067,0.044814672331491515,0.023754637700413216,0.012630373843069259,0.008057176596529245,0.005515652292044664,0.0037943916743005818,0.0024493034531273255,0.0012698655890966924,0.00013139161528197973,-0.001050263508289629,-0.002307910603861394
12,15058.040956125593,1.4639630405136022,3.438909234186778,1.058631065231278,0.35472277171796823,0.18293434227506877,0.12856617852394997,0.11790180512835075,0.13520597352296554,0.18309122573562234,0.2779773251081987,0.4541079059921638,0.7546423755308974
13,-13.797734500602557,0.9683638217698997,-0.6589343074582258,-1.9572274642284355,-1.2854037720739064,-0.8892758317575862,-0.6331903008915533,-0.43910755049664274,-0.2710622772175901,-0.10948443113244374,0.05531346098092135,0.21463213237923584,0.305228486926492
14,-7551.799918583298,0.6857800632295576,-2.8430342341858825,-2.3721356565153053,-1.2959289202576545,-0.8353052488727596,-0.5628234548410534,-0.3616485557743548,-0.18604941361439334,-0.009325868992387529,0.1926122229115087,0.44913048651791043,0.7899720701810498
15,-13044.13591224115,-1.7710406917978128,-3.5588347877032036,0.1761081243322436,0.3613372429818288,0.2894781084562605,0.20869258364648197,0.132762230124952,0.057369520638169205,-0.02498782985185174,-0.12684312608429243,-0.2755875041556692,-0.5389895163956521
16,-7524.184466438013,-1.7506473468779435,-0.8016687142804193,1.1854470643651636,0.8501535565512054,0.5763920543241088,0.37398721386713046,0.20887338984256434,0.06168149278857317,-0.07837684897624411,-0.2169531422219936,-0.3566555303255979,-0.5085771808254258
17,13059.749434551157,0.5252044396715327,4.027327156952096,1.7458807456338952,0.8923482977443596,0.5657446524165105,0.38885362624304537,0.27027164649079566,0.17788814992867588,0.0959347570054753,0.011705632084996977,-0.09493870555102898,-0.2702325895713922
18,15033.327624591491,2.4389526307230693,5.71256113716824,1.7543172725704768,0.5867694376391115,0.30231824836234067,0.21254164927336877,0.1952175828378791,0.22432133859998302,0.3042797934006456,0.4624743100364711,0.755941499662088,1.2565072035835256
19,-23.01539046891624,1.604895832566199,-1.105163238232847,-3.2540962326893776,-2.1360766359922487,-1.4775735594395867,-1.0520214267497752,-0.7295691623086047,-0.4504204883427147,-0.18206333545079373,0.09155202803429768,0.3558226288789312,0.5052471683159687
20,-7554.899400326397,1.1371350937162565,-4.729946328161558,-3.941627616968225,-2.1532451801014867,-1.3879425867047046,-0.9352027928597616,-0.6008877354382908,-0.3089993185988082,-0.015135467022586648,0.32081292496193553,0.7477886834026202,1.3153755300643377
21,-13025.854582440446,-2.9462737033939312,-5.911228694671673,0.29416107205623004,0.6006389813752538,0.48087366749921934,0.34652347564030594,0.2203374216456071,0.09509811498399069,-0.04167927682970614,-0.2108524121796966,-0.4580513222377737,-0.8962715454740281
22,-7509.1614958589,-2.9097669120923046,-1.3259480577455798,1.9731743299150983,1.4141718365980178,0.9585488238621261,0.6218634758697114,0.34731462020041093,0.10266592555800239,-0.13000021192947067,-0.36001355642967386,-0.5915823851832215,-0.8430055991848259
23,13051.366060455668,0.8780384587252796,6.697728681212001,2.9007212280252483,1.4822994059508723,0.9397378375898026,0.6459171406051702,0.44895530639934456,0.2955079223178273,0.15937559873526358,0.019420306568369794,-0.15793472663146127,-0.44988074049924026
24,14569.289687392506,20.600654764084442,48.055114986442256,14.70636723189642,4.905429903258901,2.523223981992523,1.7738477014917267,1.6316148367109606,1.8783832239506737,2.551262455172311,3.8794321635337328,6.339746037573124,10.531194651206247
25,-195.4742779887615,13.461851582029007,-9.415398806852336,-27.397688420961465,-17.966101285406484,-12.41919332649674,-8.836688352555807,-6.124095190694261,-3.7783652219369737,-1.526735451806926,0.7646163026699342,2.9718655067513353,4.209631628254582
26,-7615.348006813805,9.54919986370349,-39.86719773377829,-33.16891077147478,-18.113422309519507,-11.671470902142053,-7.86051655206195,-5.047040008903695,-2.5920342854383644,-0.122623855792604,2.69755512156442,6.278659010316023,11.036025684938538
27,-12696.756334279471,-24.840601818019202,-49.73796922305673,2.4822381839777607,5.047650971728964,4.035727485035946,2.90429947325741,1.8436518673202913,0.7931732196034185,-0.3514036642080445,-1.7639880855013146,-3.8254242246553827,-7.4802171735457685
28,-7237.480496149327,-24.504027196495542,-11.102319023835008,16.63217371656317,11.906058971417437,8.063163558488231,5.226519786331354,2.9163925099011188,0.8614610811152184,-1.088294938547264,-3.009893017371775,-4.936139541084049,-7.015954945173388
29,12897.094478116072,7.4475827531260235,56.43074250142154,24.40691711101597,12.465832656703942,7.899587607421554,5.426854341570173,3.7694890187246886,2.4789148013143,1.33513253857841,0.1610163205039513,-1.3245918446605625,-3.768544098475832
30,-7614.3692595081575,9.54551919493468,-39.87327843654865,-33.16863402431588,-18.113854535058895,-11.672702725643063,-7.86226737504773,-5.048941341853852,-2.5935689180649795,-0.12300987588836401,2.699551847400326,6.284967931838628,11.049126763177954
31,-12694.866383112572,-24.838514927285747,-49.727442188248745,2.490699331266282,5.054247636526253,4.041517526802435,2.9093299975114073,1.847621035241023,0.7955019376465644,-0.3516728816392158,-1.768481816615215,-3.8371589262180743,-7.505317687325013
32,14026.935431308886,41.688667019202505,97.07293600974506,29.661809907162418,9.885157746754208,5.078790732408734,3.558339807569996,3.24837690320601,3.697099460796807,4.95530585297657,7.435449248599499,12.000859720234372,19.717447303594188
33,-396.3064064263838,27.24506133607014,-18.990379918185038,-55.16588783983764,-36.045834547300835,-24.80221197733532,-17.54777448012198,-12.077604119322967,-7.386550190771811,-2.9382674637369424,1.5252453949487563,5.7735535983719295,8.175438646407805
34,-7682.719777190999,19.383984529506986,-80.34788568882146,-66.79602067587645,-36.34690159650987,-23.30438368502203,-15.597489032564615,-9.939136042322161,-5.057022612542496,-0.22815086818127395,5.175418155577305,11.896755947960767,20.671666811936838
35,-12330.140652844013,-50.26713817327783,-100.61969262589453,4.816552676990795,9.987287325674785,7.939159178474584,5.664087600953677,3.555331195803126,1.5034564177287064,-0.6798917250557147,-3.302044444679783,-7.031783815302174,-13.528028187658023
36,-6922.573490642621,-49.57035815904923,-22.46662787055189,33.444607505833154,23.85264480452449,16.075927692633122,10.359167922765623,5.739251293850147,1.6774338007561624,-2.117751286497124,-5.7887756539165505,-9.384464756808196,-13.14694421849489
37,12707.838571740174,15.051278835553555,113.90933462648381,49.14757570304616,25.012023759038076,15.77452768838678,10.77232934924465,7.42903786972877,4.845365702481753,2.588315648325804,0.3237560999133451,-2.4578925329432053,-6.912252950620638
38,13594.22074055891,58.31472521022326,135.4995196076356,41.33823488461594,13.75860579996853,7.052383088835409,4.912935736809635,4.436071026895877,4.971133937911301,6.546339978852092,9.648518714395685,15.307022462201035,24.75578916119908
39,-551.8052044981234,38.157122625774306,-26.376755143095483,-76.62814837067235,-49.817581966844635,-34.05182013854531,-23.896149369070265,-16.285423550194952,-9.837979065655846,-3.833417260144742,2.0632462378820984,7.559575735876159,10.645162376996817
40,-7731.842287156682,27.188952718924007,-111.95285624407614,-92.88487643413114,-50.30484742992993,-32.0493156418094,-21.280944203356135,-13.431107695782531,-6.754085950230182,-0.2899518798353282,6.754230399600236,15.277163558991889,26.136105832892962
41,-12039.604519018194,-70.33290306218623,-140.6260250607747,6.489961915926501,13.66017927856019,10.780832746539081,7.612908069255852,4.715958349500868,1.9557008767106623,-0.8980198540636456,-4.208598479641473,-8.757514411853,-16.478787001680733
42,-6674.447406669906,-69.37160841305328,-31.49562655344517,46.399600937625735,32.92347206039503,22.038366471636618,14.08207155199679,7.720991204432852,2.2196577661599703,-2.808559500489431,-7.540307378118681,-12.015577153564411,-16.477116771443097
43,12553.734940672066,21.022171756624918,158.93067033050238,68.36950971228187,34.63280409137119,21.705289982123844,14.704728231326285,10.042126387999431,6.472841128818349,3.4107777484776167,0.4280626339189847,-3.0902647515937223,-8.505208127173773
44,14779.966030570273,63.65095489126356,148.3106255529493,45.35215791008924,15.11906498607341,7.754611083141009,5.398314176909208,4.865339051083282,5.440391277613092,7.151685896513418,10.528394297999498,16.691086612147167,26.982809168137646
45,-605.1937640050489,41.86475762505954,-28.59038810546703,-83.78864965659693,-54.49090893480419,-37.24431634889874,-26.131565791945135,-17.803646124406978,-10.750359747674121,-4.184437339204558,2.260174879876463,8.265128636614996,11.639963869362619
46,-7927.477216273855,28.095937708613828,-115.33975866228609,-95.79251001881077,-51.874446078842325,-33.042501787796645,-21.935493730441035,-13.841489685777383,-6.960605275164397,-0.30421932758665426,6.942871022172323,15.70328551441832,26.856577194002625
47,-12336.522054060772,-72.46841541236316,-145.08797595371595,6.661278314104505,14.080989214459322,11.116461516832526,7.850322027793145,4.863093438644994,2.0176532265324822,-0.9221659033145868,-4.329115796762269,-9.004441687931958,-16.930893085974116
48,-6878.511721633262,-71.96389385051424,-32.840250196459415,48.049958600631044,34.11199321967375,22.835093999157394,14.589400026048764,7.996598553650648,2.2956350605362963,-2.9136861487459673,-7.814244454312006,-12.447384343191562,-17.062882433701162
49,12946.394818759662,21.68227727206031,164.76332208892356,70.9446799481415,35.940838147834754,22.522023891803226,15.254380622523684,10.414129503549617,6.709768457937974,3.533465477631566,0.44233775936284564,-3.1985885476020868,-8.793230575498802
50,14779.78059033188,63.65720441503209,148.32233981300396,45.35505707812806,15.119900128947172,7.755017989261922,5.39860886264734,4.865624576530308,5.440724046147671,7.152118110052392,10.528994698505834,16.6919565905438,26.984072133015708
51,-605.2270857986688,41.86742671274001,-28.594330237152004,-83.79554503254423,-54.495124522263644,-37.2470801118866,-26.13342561318951,-17.804854764385258,-10.751049399688704,-4.184685117430742,2.260312609033184,8.265578894171517,11.640566637575395
52,-7927.465931862094,28.097306951535113,-115.3525755802029,-95.80123572834809,-51.87895126122844,-33.045275426018165,-21.937269692157102,-13.842563649312726,-6.961118651182281,-0.3042417402938836,6.9433137287676105,15.704201893256725,26.857995706564523
53,-12336.389947596097,-72.47613660574717,-145.1001513867771,6.66286759941276,14.082659353653025,11.117627556574966,7.851080051916261,4.86353013459925,2.017826416225657,-0.92221777768501,-4.329369227225703,-9.004894031434103,-16.931587588228965
54,-6878.4120345210595,-71.97065216184973,-32.84206596471928,48.05462793599225,34.115104392126234,22.837082950731038,14.590612640989391,7.997229778007102,2.2958072080311247,-2.913883223287053,-7.814730465787447,-12.448072214630184,-17.063672234188672
55,12946.30917618966,21.685395913531213,164.77886803382606,70.95090374726549,35.943913306638976,22.523908066445188,15.25562082499618,10.414945323410006,6.710270834384112,3.533719456962074,0.44238369612169703,-3.198732393928654,-8.79358324861086
56,14774.031804927163,63.85093191856453,148.6854504174695,45.44492157533163,15.1457871178861,7.7676308104473355,5.407741913471817,4.874470808590288,5.451029046951528,7.16549483422698,10.547563873501453,16.7188414086856,27.023064864356115
57,-606.2597796596459,41.95016837510769,-28.71651659702836,-84.00925899058265,-54.62576571063156,-37.332714929570656,-26.191039389989065,-17.842285565361156,-10.772399168822318,-4.1923499061016765,2.2645788070829127,8.2795093422636,11.659212137532705
58,-7927.115840711517,28.13975522191704,-115.74986267947135,-96.0716942138104,-52.018578868748655,-33.13122659446187,-21.992294796812487,-13.875831199836911,-6.977016730264896,-0.3049356592647098,6.9570116131127255,15.732538600707983,26.901827061087168
59,-12332.294712296627,-72.71548692065896,-145.47757045255477,6.712119679644589,14.134414749514303,11.153755972943909,7.874561538186565,4.8770538909186,2.0231876879364052,-0.9238230154256559,-4.3372049609346375,-9.018863933657638,-16.952999503379168
60,-6875.321880740763,-72.18015520381026,-32.898360710737094,48.19934840101501,34.21152115399584,22.898712249206053,14.628179028547425,8.016779592669296,2.301136064470188,-2.91998512181626,-7.829768993878326,-12.469342361000251,-17.088067614560966
61,12943.654016650136,21.782068553011467,165.26075295556922,71.14381610399997,36.039222497489526,22.582297556934737,15.29404752864811,10.440217176319623,6.725828355224305,3.541581427924017,0.4438053267571727,-3.2031760389571398,-8.804460496678912
62,14760.77636351715,63.82829042480865,148.5906766463178,45.31545559535364,15.042167906022406,7.680349294092583,5.3356470842384915,4.8217450124845955,5.427220546686409,7.188212189174678,10.648180857212905,16.950849278407848,27.459321068643796
63,-606.5358998046579,41.88039083245454,-28.86417655323787,-84.08434062207714,-54.69453009854603,-37.40839004074971,-26.272563367908443,-17.925303637971957,-10.850747540293336,-4.258990862350263,2.214150668952617,8.234816594169411,11.558991737137996
64,14643.451852546226,70.29256495794115,161.04560614713944,49.07744840906578,16.550026409670103,8.649341700179502,6.091613065772354,5.43955449069815,5.897721538126572,7.441614451032628,10.53369167879869,16.190544236356,25.6473557078253
65,-630.1574578850062,45.05240667785362,-31.868123114943835,-90.53067085765764,-58.46163159189276,-39.656030369629455,-27.565855290105727,-18.55362774902951,-10.995307284106591,-4.053550279447232,2.6709840330049546,8.927662862666262,12.738842563223054
66,-7902.838028784819,29.533096216663456,-128.65647132927836,-104.67503272533789,-56.364399264754816,-35.74220231940339,-23.61680777988329,-14.828157744322917,-7.427636957451643,-0.3712506649048066,7.16875227092151,16.099184736534593,27.279434444879264
67,-12186.129812524998,-80.44213296823672,-157.53343389475336,8.516189797079875,15.98680091797727,12.49754578858696,8.81043981747296,5.488258349758636,2.3607499187382843,-0.8277152074472514,-4.454482149609341,-9.29885098567569,-17.259546305998434
68,-6762.080429214787,-79.08144623910218,-34.6359609250554,53.16922380158281,37.54840619050175,25.063406189998112,15.97786932135411,8.74573354342103,2.5204284289556913,-3.1461394264902838,-8.470222041576148,-13.521438556854278,-18.55509499800602
69,12866.390336783441,25.09258395718767,181.40554245342744,77.64266830688037,39.299590126465226,24.631551158513044,16.69138575030218,11.404712016707027,7.363612041712306,3.9129530963920454,0.5935328219658007,-3.215686891695896,-8.848411727945294
70,14423.111421530364,63.09137191390167,145.55066639898976,41.89428697021521,12.427921751732967,5.5006713507857485,3.514893357493379,3.4239210382410534,4.6333809534347035,7.339344411907066,12.342475764147881,21.16725821483449,35.40218776584585
71,-607.291717901235,40.125084935350834,-32.13088889945605,-85.061600038277,-55.54437155775486,-38.44655609566089,-27.488934736560687,-19.258702235934816,-12.22401250966433,-5.605337973098128,0.8693883037641661,6.511534477483039,8.044186018253498
72,14379.847244194194,62.97378537947096,145.0721083880789,41.445053436577524,12.10578970842614,5.239028679005964,3.296912137609375,3.250142531591998,4.514492945142913,7.296169427222039,12.408192028477844,21.385460879820158,35.79531485073207
73,-606.4582158334457,39.90447879834344,-32.47239730986252,-85.04631289676844,-55.5172849248393,-38.44372933954636,-27.510798755308414,-19.304174993854602,-12.294527970657784,-5.708212598120251,0.7130160659781418,6.247644873728179,7.552339965393896
74,-7901.388604030426,29.518672205414905,-128.6630206481333,-104.65571465564966,-56.35111736307464,-35.73313969975108,-23.6108211935385,-14.824673427698768,-7.426324578163562,-0.3718968277627083,7.166248899554551,16.094578684532326,27.27108709948231
75,-12183.71704116961,-80.42972512302887,-157.48036107215194,8.543024091408615,16.004245674473303,12.511489411237479,8.821785270866366,5.496793942116572,2.365737338339597,-0.8275175570282796,-4.461049466083273,-9.315429215736597,-17.29150641281438
76,14632.74863698752,70.82503191989028,162.062513603932,49.371953309054156,16.662763651427092,8.71991820762608,6.1463647046963885,5.484719729685156,5.933027462995969,7.4622855165048865,10.52902884920217,16.14047371935784,25.522031568441573
77,-632.4232904133034,45.30637260164305,-32.13550662930097,-91.06864730493719,-58.7766199327268,-39.8458106446446,-27.677184085505896,-18.610202166636824,-11.011798583013979,-4.040697047696962,2.7051632439483937,8.981185651260324,12.829183290785366
78,-7901.271364403822,29.655869113648993,-129.70847259751483,-105.38807604926642,-56.72510976161623,-35.95830742581054,-23.750442939278305,-14.905698579660577,-7.463697156189232,-0.3762657390603982,7.18493238787741,16.12487283842643,27.30120978006363
79,-12175.227221006213,-81.08231372583779,-158.55047543798645,8.648118163392704,16.127590217764116,12.598507942485696,8.879470827766614,5.53248246948955,2.3850202099086877,-0.8196786340034411,-4.45862472018591,-9.307929417700322,-17.25649388882608
80,-6752.778704765423,-79.64676464056024,-34.77866918201287,53.57210114691708,37.81771764464258,25.23702546894573,16.08524770178755,8.80309434525815,2.5372814596425304,-3.164027539039337,-8.519702625163145,-13.601568939974868,-18.664868737221873
81,12859.811620423134,25.363200445130765,182.722798207139,78.1713955751505,39.563703170038316,24.7965478749416,16.803069583958916,11.48117902831501,7.413813040643424,3.9422253966549214,0.6062047643299797,-3.2134895585939836,-8.843294938468086
82,14373.732010002577,83.74836311419222,186.6882457358587,56.5269797819922,19.417575441581235,10.447925612461226,7.480226348829372,6.568206546980114,6.74709156327367,7.868597021762045,10.2253578347524,14.558716963259023,21.805129284007027
83,-685.7615596228567,51.503472847857196,-38.51247196452491,-103.95491725812357,-66.24506062902135,-44.26941046622531,-30.198056948982405,-19.816659637500997,-11.278852418952287,-3.6540698192050414,3.521609671831266,10.16001058040144,14.839667227736506
84,-7861.782021463502,32.65037779591279,-155.11826815522522,-122.54071282857802,-65.33549514916939,-41.059799719439326,-26.856613235878168,-16.669773887962844,-8.261244621308622,-0.4925534677048149,7.46096361670926,16.430794517014995,27.198263363253904
85,-11909.606103611493,-96.62139593754519,-183.18900847841846,11.7840621045114,19.461570591187805,14.963589021719987,10.475063504717966,6.541031168961903,2.9377263325199823,-0.612379525145348,-4.464920695473322,-9.287839967229237,-16.65387488952287
86,-6527.486081524726,-93.39036838078626,-38.29445327294134,63.24070853080235,44.23192046771674,29.328081921755103,18.58044435801127,10.111848967886175,2.9097701903413897,-3.564720937883251,-9.590882771582468,-15.291332491025067,-20.90523731099533
87,12700.231954974928,31.925932483023598,214.61321521135974,90.93105387251029,45.90055485608119,28.722499965442065,19.431294116151324,13.255406200664405,8.558568773533208,4.598356385977837,0.8981998521578615,-3.097085519729648,-8.483489050979665
88,14367.444548567599,84.07766556882837,187.31652487338866,56.712055829655654,19.49017643190395,10.49384735087066,7.515496935526428,6.596314652983473,6.767255435508806,7.876786839418381,10.21297473272237,14.509662990530613,21.694987911551056
89,-687.1387767237244,51.66334222089149,-38.67003952310423,-104.27860988331781,-66.43089096607548,-44.37751320928608,-30.257679104898465,-19.843122515728417,-11.282179834552919,-3.642139762597342,3.542416038524141,10.18749685715857,14.886544471232972
90,-7860.801158388499,32.72772199864935,-155.75801119308272,-122.97223420774588,-65.55044230519033,-41.18561366819084,-26.93188428709422,-16.711452347916293,-8.279417590564455,-0.4952656457972352,7.465185357572768,16.430939570103522,27.18063794847822
91,-11902.955119362414,-97.01608712520023,-183.81594851837247,11.859676725038263,19.542409689547085,15.020100638000462,10.512450593823056,6.564179845352881,2.9503449098091195,-0.6069356150252374,-4.462443769112748,-9.280702187912976,-16.624770630562224
92,-6521.933363743298,-93.74144335354048,-38.38954837386671,63.48093274131698,44.38987590554165,29.427309303814734,18.639676168768457,10.141914605118842,2.9175834913222745,-3.574340556816216,-9.61454853773269,-15.326866791531149,-20.94978895938049
93,12696.336220722707,32.09145623582231,215.4213807001655,91.25505486806668,46.060949951893996,28.82111493371444,19.496494318141124,13.298591858900169,8.585613617708132,4.613076871048194,0.9041399304837916,-3.0943841642990986,-8.47160552948523
94,15050.38500060552,116.19711578952185,251.30396625892203,76.08805137595617,27.06264394949208,15.206012536350041,11.081441844659578,9.41474549524492,8.801068683159068,8.783523878295187,9.244913305821623,10.262059432979655,12.010051769036671
95,-848.5771359651939,68.52539350809187,-53.14478668820646,-137.27804950038922,-85.74025589253104,-55.87293585763312,-36.85898264864146,-23.070561974582024,-12.109429009606753,-2.8114466878180906,5.444852572150032,12.951037473971901,19.595712205867525
96,-8419.971628383952,41.66164611258741,-216.18199193425968,-164.8171750530476,-86.14834131910601,-52.949755732166985,-33.71260501949241,-20.261589761149988,-9.699479596732004,-0.7138449317536649,7.4290203892222,15.242265602971125,23.117145413736534
97,-12362.772456481842,-135.2123131495527,-246.91469124304604,17.789396970974227,26.43937156037856,19.690728657446883,13.417815751314972,8.211458254536973,3.7727332933389253,-0.17399648441092946,-3.854599150753324,-7.5263959408278875,-11.651196075429835
98,-6623.186398246366,-128.57001610421287,-48.96079546401913,86.97045050967617,59.91484759999961,39.19386875710012,24.476547648647347,13.120024856233364,3.7306217273630593,-4.432244373857205,-11.782306491055614,-18.55451534232521,-24.933343562003213
99,13425.591053279337,47.32284821524381,295.0593441292964,123.25835513390899,61.7111166923001,38.267465938197525,25.599594860197858,17.233288918649286,10.982078866529477,5.904641342261177,1.504932490565855,-2.5707480349914746,-6.746354535708244
100,15016.261183223014,117.38566624837124,255.20633748119832,75.9860032952677,25.775632283902354,13.516634297859355,9.136378805813376,7.241907805730212,6.385673583611447,6.076310983614505,6.146685549582545,6.590307137171078,7.485742034016957
101,-862.4709234685105,67.8338880578557,-57.996255587431946,-145.2675729864712,-94.01878030377917,-64.94807091436687,-46.993011774609144,-34.40856160083132,-24.752982985245183,-16.845927063498035,-10.053886200523571,-4.042524043992472,1.2389664420421138
102,-8421.279837711245,41.072144561242304,-224.30818732043952,-172.82058521685866,-93.69724312738573,-61.14716717644841,-42.909403602068124,-30.6266408685787,-21.349129659911224,-13.757094301948973,-7.137168363105041,-1.0232000839811883,4.920853612168512
103,-12321.618036452475,-136.45316934181136,-249.87460747547928,21.60185819090571,30.987029606574854,24.68158586511346,18.896096170765365,14.229541774195097,10.379537755430869,7.07492765374459,4.109440001232848,1.2809664364231674,-1.726321195974412
104,-6583.749877166114,-128.87909340891844,-45.75076363614958,94.75739641793554,68.4424578817649,48.65461295415992,35.04075684403129,24.89370149023092,16.788336297669435,9.967972927167018,4.007681436434227,-1.3380020093846496,-6.243985696895268
105,13409.927093319986,48.50693952158654,302.8243071284778,127.50605020112282,65.19661946742409,41.909582804175365,29.659687320809542,21.821254349873755,16.160221294080216,11.720081966308548,8.00800596603588,4.7001806508807675,1.4634915581264976
106,14976.801800108562,118.79772165679205,259.8387278505945,75.87743124603057,24.25892015898658,11.519149515553744,6.831625721818551,4.662281867992874,3.512674077943283,2.850193530089426,2.447894345840344,2.19944791814061,2.06756788904569
107,-878.977574219294,67.02387116776111,-63.72631301621478,-154.72067627790162,-103.81624197744769,-75.69117662980989,-58.99441997316025,-47.842839854943584,-39.74376573230329,-33.49821415149378,-28.458920669662486,-24.240991334278572,-20.600038025711065
108,-8422.788195859086,40.381424263057156,-233.92220552154933,-182.3025842183148,-102.64371034450998,-70.86526507545574,-53.816495548121516,-42.9249811574693,-35.17926023509192,-29.251475720946946,-24.453203915741486,-20.37517876601537,-16.748178898350208
109,-12273.367512824265,-137.92363447132314,-253.39615146522684,26.10671232013334,36.36773336738766,30.59118537434741,25.387307972187635,21.365268325013894,18.218920025590386,15.682758859870114,13.574227914145888,11.757624069568307,10.092462266508003
110,-6537.37099078735,-129.2581305652042,-41.97109699746411,103.98410553927961,78.55088736271117,59.87258145113365,47.571846201323346,38.8657865048849,32.29242114314174,27.076328241657254,22.779625861841744,19.144651941371638,16.0083256667336
111,13392.443379393877,49.910281791243115,312.0509224742781,132.56138627311634,69.34267549171365,46.238686061755615,34.48301241881648,27.269985360800824,22.309064881489203,18.6258460387814,15.73156434763394,13.338454177884774,11.222689129073087
112,14970.673076237197,118.74707455340543,259.692654843499,75.77745408691156,24.1859390631423,11.455663581753162,6.772864437656867,4.606653771136902,3.4596449516067693,2.799675695201003,2.400033626471617,2.1545498610712563,2.026081801615629
113,-876.8533613369913,66.97828850728521,-63.74990944265052,-154.67609994345807,-103.7793896310938,-75.66310479644424,-58.9730704367741,-47.826855939091736,-39.732278704264445,-33.490624049634675,-28.454776591899233,-24.239936861127845,-20.60183401941238
114,-8419.371979764883,40.32605198099334,-233.9709692603752,-182.2414578080522,-102.59953585764973,-70.83436135666375,-53.795159333483575,-42.91107412651521,-35.171370549033746,-29.248511936051028,-24.45419494475922,-20.379167774624804,-16.754228129321017
115,-12268.35779216848,-137.88140533122257,-253.19348013201616,26.229297522380744,36.45772885508468,30.672220746036047,25.46480343030848,21.440811611324065,18.2928784137022,15.754971193284161,13.644220178360507,11.824640139339223,10.155357731801177
116,-6534.386789531696,-129.20530252746005,-41.83400497886812,104.04723186125285,78.5971037467299,59.9152996262208,47.61386728237428,38.907762040106505,32.334369585818344,27.118019551030383,22.82070103774785,19.184648960312252,16.046607843235783
117,13387.933377532368,49.928321712806266,311.9996770132926,132.48152778762395,69.28061765389788,46.187816519487704,34.4398297360521,27.23279783940477,22.276973136855883,18.598324193623167,15.708263035397168,13.319074916304242,11.206870099496976
118,14976.034750786768,118.87493010701135,260.0882766706994,75.89062870866005,24.19956282368378,11.434955454845808,6.731792507383192,4.548651428267489,3.3844521034988886,2.7045242956982944,2.2790075418490385,1.9967486930601375,1.8148665546662333
119,-880.2004900522701,66.99338850333008,-63.99741253311504,-155.1825781971241,-104.29305027464635,-76.21160321445956,-59.57387289384637,-48.48996660815742,-40.46468010426761,-34.29808843705269,-29.342242716709425,-25.209808359994696,-21.647084302400156
120,-8423.357615720928,40.35711929840899,-234.37389993002253,-182.7654469939095,-103.07861454718507,-71.33522921828389,-54.342050625369616,-43.516148927713225,-35.84301014307506,-29.99435226714275,-25.282940637377397,-21.30224956370413,-17.786277387557632
121,-12271.837045150949,-138.00022037072657,-253.5960228875607,26.30296264361748,36.61101791821232,30.86125741602403,25.685846522429028,21.695040934085636,18.58270981421974,16.083707296191164,14.016667762198292,12.249125579157395,10.649087224392384
122,-6535.793487276972,-129.28704341915272,-41.817532991121745,104.41348345645802,79.02601281302167,60.401662214450035,48.1640790556426,39.52718098786299,33.02735251882428,27.888327972532544,23.671633465834006,20.11904409197866,17.068081154889356
123,13392.462359015328,49.97358748841973,312.50294341654296,132.81951244743496,69.55373098356897,46.45631795351344,34.722834933176024,27.538628508107397,22.610294864648093,18.962497743586834,16.106634192231333,13.756660923410301,11.694016672442109
124,14967.791853285526,118.72217918444841,259.6254667307866,75.73629592674175,24.155320471966892,11.428199669643552,6.746721366192141,4.581293623756119,3.43495688761476,2.7757353171318306,2.3770233130126566,2.132735480888077,2.00580731161711
125,-875.9884321355613,66.95847882372378,-63.75297452507747,-154.65293212417015,-103.7614778056867,-75.64957600529969,-58.96273950035945,-47.81904036443069,-39.72656343904387,-33.48673177664812,-28.452507138281273,-24.239147383867767,-20.602469902999072
126,-8416.65662068786,40.2761974772285,-234.01454479707354,-182.1853682134746,-102.55946067927724,-70.80684262573038,-53.77674196424116,-42.899755603010874,-35.16581583313825,-29.24767400332544,-24.457126179755647,-20.384914803770076,-16.761821275912656
127,-12263.7924387006,-137.84275759202515,-253.00997995705785,26.340060869694057,36.538899702683416,30.745519112031936,25.535194023430886,21.509738906314336,18.36066783111936,15.821463446973448,13.708968376598808,11.88693644150856,10.214126469362025
128,-6533.589701839832,-129.1874530421344,-41.7855236760712,104.07216966273906,78.6162649027885,59.93331616016296,47.631745542417825,38.925732336369116,32.35242471446345,27.136056102338088,22.838566584502246,19.20215617357405,16.0635012201839
129,13386.09931534205,49.934204607697914,311.98433724480657,132.45607120194214,69.26138353643208,46.1729775802572,34.4282615253165,27.223913103590853,22.270423534874755,18.593867701660603,15.705695329399182,13.318172597865084,11.207310854723945
130,14967.436687482728,118.72040372373203,259.6192237080135,75.73017154163219,24.150787866289797,11.424346516676,6.743249324397828,4.578087778014452,3.4319680452388717,2.7729429548881153,2.374421368630916,2.1303257778269242,2.003594442025441
131,-875.9663945516836,66.95556387979939,-63.757764012176544,-154.65285659705594,-103.76112237026675,-75.64943481215965,-58.96281897485053,-47.81930955597221,-39.72699276907613,-33.487295828817246,-28.4531836506245,-24.23991665209936,-20.603315760919976
132,-8416.377947165376,40.27242186828388,-234.01637294418063,-182.17986112906175,-102.55525181374402,-70.80348578571653,-53.77393906866954,-42.897354616533406,-35.16373058645542,-29.24585032745816,-24.455527112180036,-20.383514942821368,-16.760610120356816
133,-12263.42236243102,-137.83952382937744,-252.99549617657198,26.347760839976143,36.54423913900504,30.75016094230462,25.539507989547023,21.51383589384383,18.3645794437687,15.82518854634774,13.712487684167996,11.890216110481994,10.217117357633533
134,-6533.531802043153,-129.18368654747417,-41.778107477249364,104.07269766522587,78.61649041914761,59.93371821685082,47.63233487545132,38.92647754342565,32.35329271852031,27.137016199277266,22.839589360524208,19.20321055884454,16.064546793428107
135,13385.70170426142,49.93365820154165,311.97571781908016,132.44889010434187,69.25610021544746,46.168534803422624,34.424322415724895,27.220344513624298,22.26716628946567,18.590895051516185,15.70299618862867,13.315742745003218,11.205147514198018
136,14967.77809060564,118.72089432584605,259.6238727410661,75.73723421892471,24.156016123593805,11.4286541331823,6.746994261823094,4.581423951713881,3.434972463237231,2.775659024443647,2.3768765004707157,2.1325399054008876,2.005584924124768
137,-875.914436138778,66.95894132616931,-63.74919522763266,-154.65042750948598,-103.75967811874504,-75.64797645800633,-58.96121633464569,-47.81755476592674,-39.7251044606871,-33.48530078200331,-28.451112840348486,-24.23780509404383,-20.601204052811962
138,-8416.554544096336,40.27322802396314,-234.01762349620165,-182.18276966717366,-102.5576862455129,-70.80577881572384,-53.77621343553474,-42.899653145780846,-35.16606157901356,-29.248202664295615,-24.45787513843377,-20.385818133509716,-16.76280922614176
139,-12263.54964224628,-137.8408246249131,-253.00003526666006,26.346432222454055,36.54364425120097,30.749844260042956,25.53938224681206,21.513872644260836,18.364764605947567,15.825511988070817,13.71293978747807,11.890785170907652,10.217782391093229
140,-6533.597091874143,-129.18847808018253,-41.78662987402815,104.07306139411746,78.61694466581298,59.93380574788498,47.63209783211247,38.92597965031363,32.35258872057685,27.136153486881398,22.83861197605326,19.202163706248307,16.063484184322988
141,13386.162066849,49.93464407250235,311.98747890117113,132.45806932897585,69.26282325114981,46.17426729109215,34.429499501579485,27.225129480002874,22.27162614455432,18.595054460869072,15.706858148556773,13.319297932320453,11.20837768717347
142,14972.542824795677,119.24813025852727,261.2958324569409,75.95906098579998,23.917028841408623,11.032151752159901,6.25328527458401,4.0034076164243055,2.7686786399673244,2.0044672714599083,1.466849438239308,1.0214038960334058,0.5982675583357745
143,-886.0765401326361,66.84880653881142,-65.30017300729895,-157.40873946233665,-106.59130000887703,-78.71989422536606,-62.36646058597111,-51.608563423365766,-43.93879170573007,-38.15268429601922,-33.59899508401389,-29.878625714589813,-26.69297655494043
144,-8426.04935589826,40.24028114316007,-236.54804613036276,-184.99344866135795,-105.17258583120605,-73.59844525934916,-56.873327549113576,-46.36374820362284,-39.040520235890405,-33.573334766409005,-29.28070493063192,-25.769331392342565,-22.788750965916922
145,-12264.422899109846,-138.36818791731042,-254.5573527761717,27.24813486359631,37.782603610859084,32.16193327154431,27.12372448577868,23.283462648042363,20.335094803477183,18.015207220531966,16.148182272080717,14.617169243775539,13.331128594542767
146,-6528.146912220276,-129.4260192951672,-41.07563805032631,106.48413567458017,81.31656429314911,62.95199716421536,51.01863524813477,42.71498062927293,36.56952573097258,31.80193393531096,27.97087778081166,24.815419398820048,22.175984323118264
147,13392.579621810692,50.279468998108754,314.6820816702465,134.06275410037523,70.5700554665585,47.504371103490534,35.87785846690928,28.832568735714553,24.061303731987365,20.584245071713855,17.913574727815934,15.771560602888764,13.965041030028246
148,14975.751888257071,119.91481555076521,263.4201609879358,76.20679256977999,23.545051127187154,10.433241300619056,5.500496839701759,3.105293928813663,1.7081380551127965,0.7419344069394238,-0.07050873358489138,-0.9198113230106423,-1.9445189606020437
149,-897.80664348703,66.67755837446069,-67.33918799014361,-161.0727914544131,-110.39807874738037,-82.89743228327126,-67.05262599634575,-56.89265872669762,-49.89449297451339,-44.85081983950509,-41.10852954631764,-38.246005455866964,-35.861746302572115
150,-8435.8371406932,40.108164074002616,-240.07006600498397,-188.70751306897114,-108.6721512999189,-77.39769180804157,-61.1554133457879,-51.232764863028876,-44.58249387386902,-39.87980230706311,-36.466107170602065,-33.99087081530005,-32.25594256415042
151,-12257.477970353253,-139.01032724515582,-256.31250062491796,28.695558843692783,39.640592797295405,34.25610239723157,29.469400683943636,25.90938266713676,23.273236604437965,21.304001741849934,19.841806633893075,18.810545273225856,18.22836244252145
152,-6518.1824167762425,-129.72515691166427,-40.04163868319774,109.840959080854,85.07211848927112,67.17022940013213,55.78761366100792,48.103297479566535,42.63720417796245,38.606143506010525,35.56674016555711,33.25390157106371,31.51503248459194
153,13401.911435201768,50.77738700783058,318.3846966549462,136.2405705022663,72.345158571315,49.32137451232618,37.87171467030295,31.065183452931887,26.57242014663646,23.40826443988772,21.090771015224423,19.367790026815268,18.12185069609503
154,14976.194724712896,120.01297611486319,263.72751308724565,76.23885151671126,23.488012256075393,10.343670319762575,5.388786008887323,2.9725820208991474,1.5518819435373035,0.5563463375103529,-0.296042779474372,-1.2040711401719875,-2.3162711338130544
155,-899.6089726831929,66.65129970781423,-67.6412613392985,-161.6066795038882,-110.95161482840267,-83.50452954972303,-67.73345830681927,-57.66023994632058,-50.7595401377137,-45.823627079726876,-42.19911570161091,-39.46111300069794,-37.19315602440873
156,-8437.466060013423,40.09310116676367,-240.5819058717974,-189.2556558014963,-109.18721973570584,-77.95523744335156,-61.78250790991493,-51.94476039325,-45.392021074089485,-40.80024995931719,-37.5141752988042,-35.189474470945534,-33.63561891805188
157,-12256.842437814596,-139.10769074558183,-256.58481563338864,28.897945632876553,39.90538691802842,34.55583910659719,29.80583715429493,26.286530868425867,23.695664258284964,21.777242525396108,20.373691093912125,19.414826270721882,18.93466531154457
158,-6516.825529947361,-129.76920948207038,-39.896318334528765,110.3243529625523,85.61450737867389,67.78018585488171,56.47770111397927,48.883385081087674,43.51596102015791,39.59184043649047,36.66735420911132,34.47680062574757,32.86858415373403
159,13403.31589279459,50.84824974067246,318.9204411429541,136.55832880419752,72.6045545555032,49.58671734232081,38.16262755725282,31.39068828028305,26.938311867646636,23.81955613448425,21.553325901744085,19.891189323008618,18.726685802249193
160,15050.497395295806,116.19491507139492,251.29683155748808,76.08883380072525,27.065629123456873,15.209722181365933,11.085609242790378,9.419325211395902,8.806095847089603,8.789101473897686,9.25124501367858,10.269518184840585,12.01920730075752
161,-848.5543326175009,68.52710965320217,-53.13460647160445,-137.26198159386598,-85.72356412542254,-55.8545627634729,-36.83840070353355,-23.047479746207912,-12.083641301108191,-2.7827801011317477,5.476547581265922,12.985823977159598,19.63332393363226
162,-8419.991475050172,41.663090790901194,-216.16541805955362,-164.80132087839274,-86.13327204378044,-52.93327046343544,-33.69401021222446,-20.240549277938403,-9.675759089077555,-0.6872230172733198,7.4588071368415925,15.275576282214622,23.154451341537012
163,-12362.889139389967,-135.21005126876483,-246.90973319276537,17.781172184454654,26.429838263044257,19.680363011241973,13.40650338656368,8.199085010889926,3.759196387625261,-0.1888075995291724,-3.8708343480176444,-7.544316962290813,-11.671360704290924
164,-6623.284412752456,-128.56982442342166,-48.968055967240346,86.95451229564938,59.89744718388785,39.17455896483995,24.45497457371536,13.095970557674656,3.703932713070315,-4.461688886296444,-11.814604651389258,-18.589744337841548,-24.971601067080936
165,13425.66207597809,47.320434007600284,295.0442916382245,123.25031369147523,61.704416784929826,38.260328648292884,25.591516788201915,17.224056870355493,10.971570449112642,5.892762813483599,1.4915827035094904,-2.585731272260038,-6.763317547408163
166,2422.6856308725137,19.174589178100963,38.56799801342346,9.411725657315593,2.3641323690789733,0.9539506129582819,0.6505007349431956,0.6867989103684067,0.8659381990286303,1.1258120801052054,1.4522832521239568,1.8590348679675612,2.3713599259164324
167,-200.6134651115326,9.810960131022064,-11.670226611413264,-22.466160806535935,-13.58196070550165,-8.701126789003078,-5.682426854331903,-3.5586188777234007,-1.9295917117706753,-0.6039048791731699,0.519098163940488,1.4844011422839765,2.2698374855288033
168,-1410.844371195285,5.493495361025852,-36.96776269869542,-25.10073486722328,-12.529962908679504,-7.426683800186638,-4.5730631085133275,-2.6632855962083135,-1.2394203673400035,-0.09381184527124245,0.8904949104660124,1.795891805229053,2.684925361866247
169,-1956.4617990261315,-21.73418543054343,-35.79898331243356,5.505438069042891,5.770995046384801,4.197542413173281,2.8756648046127293,1.7965773322994296,0.8816634454597413,0.07606527487439563,-0.660525415841664,-1.3713300305188179,-2.132866587098913
170,-1010.6346117688009,-19.77475629172983,-3.9131027798805627,15.395686197105306,10.305211815569795,6.71600919200236,4.2319735486829275,2.3574614531638853,0.8479861079449288,-0.4226982083505613,-1.5233210596694062,-2.4902084146537526,-3.346734226070646
171,2192.871384849054,8.687876015794124,46.63492783793161,17.591946190660053,8.214882482711204,4.853197060147777,3.168675384771696,2.1601361893158257,1.4915177794165637,1.017401354878139,0.6605963152508576,0.3656909898697502,0.06371205672952977
172,-7861.491571825624,32.69630678666808,-156.10263630344406,-123.27899007821699,-65.80586516570554,-41.425164841717354,-27.152508185251186,-16.895752132035316,-8.39882848761814,-0.5075539178001103,7.622689901668386,16.853171021302867,28.00363461311058
173,-11900.916035854023,-97.06671004360649,-183.9260811010522,12.0350260042077,19.731836105208096,15.202439110422622,10.67680944033429,6.695329755273018,3.0266026931140524,-0.6167630411020351,-4.60602311207605,-9.640185664448799,-17.36490684435641
174,13921.574128667331,107.27416252683962,231.63331610094525,70.0319854217176,24.891170297671476,13.988174990051762,10.202786715188955,8.679923698532743,8.128180289513534,8.129816101630531,8.581962535698626,9.564496366637043,11.25117782441535
175,-781.5863625688736,63.053262249468204,-49.2702530743191,-126.63016276417851,-79.0825064335059,-51.54419821189564,-34.01343050801678,-21.296341570776153,-11.179418084631909,-2.5872167248907285,5.055135877047294,12.015842936176234,18.180848938873037
176,-7785.272779377881,38.3109039450409,-199.4159620770212,-151.91509862732258,-79.4111119369207,-48.81770001289177,-31.087058922191847,-18.683874685916898,-8.936988130474615,-0.6351174312782687,6.900689113217743,14.147648505272263,21.47199223825736
177,-11437.359801763292,-124.69831846895276,-227.47708955679124,16.46261797282942,24.399169992862923,18.169338629611445,12.38262672431361,7.578254127348719,3.47827741549229,-0.17343201159582763,-3.587847763391376,-7.007113293728801,-10.867353129208093
178,-6129.644577609323,-118.51369751708587,-44.947337126885074,80.2588891362264,55.27531307051496,36.15724763705703,22.578536033008742,12.09710418887845,3.425531996040791,-4.120856029722713,-10.92547177209407,-17.207453819188288,-23.14118873350429
179,12416.535872884062,43.76652754213453,272.0980450089906,113.60597177600538,56.88083585327064,35.27967994955174,23.607569655674983,15.897213175350913,10.133323789012573,5.447900457340146,1.3828646191553406,-2.389605417739105,-6.264193733226864
180,15016.192899841397,117.38563360703371,255.20623288151992,75.98492556005871,25.774627904437686,13.515767498496801,9.135664629704326,7.241371435506413,6.3853509476199815,6.076249522096927,6.146948575798069,6.59098322268451,7.486953351812752
181,-862.4771410915255,67.83316328132011,-57.998364898512904,-145.269567302045,-94.02068191273197,-64.95004305780179,-46.99504180533683,-34.41058184662131,-24.75489679387088,-16.84761579622705,-10.055212581015123,-4.043340150777421,1.2387901880878758
182,-8415.658366045507,40.24763218742501,-234.04351219794205,-182.15972458682884,-102.54185604880895,-70.79608409710164,-53.77111496731196,-42.898202146190265,-35.16758757183729,-29.25214823272175,-24.46370953292132,-20.39298594991731,-16.770726657994828
183,-12261.44566565059,-137.82394043030766,-252.91383700490326,26.401166619322595,36.58428743233879,30.786847930703942,25.57518412756129,21.549184316027812,18.39973892043639,15.860054543695917,13.746805178232947,11.92358584211501,10.248922567116377
184,2222.1875020866405,18.1533924542559,33.73524253711395,5.796391079340097,0.08555538413738818,-0.7143238896076111,-0.6190606904032964,-0.2635342903250375,0.19666968316508235,0.7143296848162239,1.280598681949077,1.9093192481357886,2.620319284272222
185,-205.5210618442492,7.938103259566338,-13.728548285428385,-21.11480168836128,-12.283030562666584,-7.684769244236921,-4.9405317848949455,-3.0901759219007445,-1.7471716556681145,-0.7290230364055389,0.05858732432335799,0.6548578303124363,1.032736514859707
186,-1338.277782699066,3.8310557947743007,-37.51265760144948,-22.170908538241438,-10.360724582471514,-5.796710600242292,-3.371934210135694,-1.86030355233047,-0.8376992151137977,-0.11176111266564694,0.4267050484995648,0.8550403996003716,1.2308074512729856
187,-1787.0384063117572,-20.404011683010314,-29.108018496089876,8.446777782592383,7.396725737500917,5.3175645315503255,3.670544988497167,2.330860902384606,1.1900663937881184,0.1847852147086573,-0.7273563198568355,-1.5894139317130422,-2.476888879769983
188,-898.497811260883,-17.29049924079208,0.8066338786393866,15.856282998379244,10.305377676298006,6.682896838429222,4.246408796958432,2.4591440399466333,1.0721567559608918,-0.03933471783829205,-0.9411153698951765,-1.6643990177970902,-2.222500582578543
189,2026.8452294352553,9.053262531379854,42.19917970434902,13.67823287536804,5.569777001408413,2.925607844317268,1.7832416647709286,1.2558488236567662,1.0472286761140082,1.0278678327713018,1.1280704806826714,1.2970253339392233,1.46776992557178
