,node_sourcebus.3_harmonico_60,node_sourcebus.3_harmonico_180,node_sourcebus.3_harmonico_300,node_sourcebus.3_harmonico_420,node_sourcebus.3_harmonico_540,node_sourcebus.3_harmonico_660,node_sourcebus.3_harmonico_780,node_sourcebus.3_harmonico_900,node_sourcebus.3_harmonico_1020,node_sourcebus.3_harmonico_1140,node_sourcebus.3_harmonico_1260,node_sourcebus.3_harmonico_1380,node_sourcebus.3_harmonico_1500,node_sourcebus.3_harmonico_1620,node_sourcebus.3_harmonico_1740,node_sourcebus.3_harmonico_1860,node_sourcebus.3_harmonico_1980,node_sourcebus.3_harmonico_2100,node_sourcebus.3_harmonico_2220,node_sourcebus.3_harmonico_2340,node_sourcebus.3_harmonico_2460,node_sourcebus.3_harmonico_2580,node_sourcebus.3_harmonico_2700,node_sourcebus.3_harmonico_2820,node_sourcebus.3_harmonico_2940
0,36225.02843437387,-1.4680640000919464e-07,3.2701677751915844e-07,-1.7589555859100828e-06,-1.7710571378665616e-06,-1.7404426856348995e-06,-1.7036871228577341e-06,-1.6175647593547107e-06,-1.459175296821136e-06,-1.245540519112956e-06,-1.121082497904656e-06,-1.6614379372016607e-06,-4.711655596665518e-06,-0.0,-0.0,-0.0,-0.0,-0.0,-0.0,-0.0,-0.0,-0.0,-0.0,-0.0,-0.0
1,20914.134401590603,-6.674325984831903e-08,-7.692469684255286e-07,-4.4133943410536986e-07,2.3603842133720398e-07,4.38980760703099e-07,4.579290502830418e-07,2.938548625488949e-07,-1.48248619214904e-07,-1.0708259827359876e-06,-2.862469300438191e-06,-6.198530593497767e-06,-1.1765817124090793e-05,0.0,0.0,0.0,0.0,0.0,0.0,0.0,0.0,0.0,0.0,0.0,0.0
2,-0.3181580719983684,0.057113816082617785,0.0970956709142136,0.13709078610034753,0.1770921884219595,0.21709255928356694,0.25709330712524,0.2970951368414877,0.33709858038852336,0.3771041821334105,0.4171125900953106,0.45712462871803156,0.49714136998204345,-0.0,-0.0,-0.0,-0.0,-0.0,-0.0,-0.0,-0.0,-0.0,-0.0,-0.0,-0.0
3,-41828.91830290313,-0.03964479009600583,-0.0627498320059329,-0.08582669887273572,-0.1089175123625858,-0.1320107956403947,-0.15510519915715804,-0.17820068498712924,-0.2012974608025317,-0.22439586833081546,-0.24749640832472564,-0.2705998243678133,-0.29370722454498965,0.0,0.0,0.0,0.0,0.0,0.0,0.0,0.0,0.0,0.0,0.0,0.0
4,-36224.710276302016,-0.05711367231648534,-0.09709600313703748,-0.13708903451656865,-0.1770904269024492,-0.21709083054426326,-0.2570916173072875,-0.2970935353116813,-0.3370971394139473,-0.37710295695940715,-0.4171114915451015,-0.4571229919781645,-0.49713668519028364,-0.0,-0.0,-0.0,-0.0,-0.0,-0.0,-0.0,-0.0,-0.0,-0.0,-0.0,-0.0
5,20914.78390947935,0.03964485907584977,0.06275060473989616,0.0858271449495626,0.10891728231199091,0.13201036389786203,0.15510474971674834,0.17820040087132932,0.20129762004061488,0.22439695139667373,0.24749928428431664,0.2706060376391122,0.29371900635323245,0.0,0.0,0.0,0.0,0.0,0.0,0.0,0.0,0.0,0.0,0.0,0.0
6,15094.72797814517,0.01189939563555469,0.020226901269430553,0.028557295510419543,0.03689165119959628,0.04522566991235142,0.05355984483414911,0.06189447283452917,0.07022976942960518,0.07856591412209095,0.08690298944854992,0.09524068468403465,0.10357744328242574,-0.0,-0.0,-0.0,-0.0,-0.0,-0.0,-0.0,-0.0,-0.0,-0.0,-0.0,-0.0
7,-0.257961808849269,-0.008260520364280263,-0.013076741603779701,-0.01788167272519414,-0.022691517333776067,-0.027502662270531584,-0.03231439084232605,-0.03712670425105844,-0.04193978319338715,-0.04675396773865352,-0.05156984990562234,-0.05638840414769311,-0.06121071563116035,0.0,0.0,0.0,0.0,0.0,0.0,0.0,0.0,0.0,0.0,0.0,0.0
8,-7547.564515825301,0.011899559871715286,0.020226514711653164,0.028559293169699386,0.03689366900346087,0.045227653181541795,0.0535617850844826,0.06189631289063204,0.07023142587852316,0.07856732245349926,0.08690424885457919,0.09524254921857654,0.10358277004041887,-0.0,-0.0,-0.0,-0.0,-0.0,-0.0,-0.0,-0.0,-0.0,-0.0,-0.0,-0.0
9,-13072.32266484378,-0.008260439809206772,-0.01307586864254129,-0.017881148391964554,-0.022691769024681053,-0.02750314789854264,-0.03231489972143366,-0.03712702735457134,-0.041939603352372214,-0.04675273686665307,-0.051566576253649826,-0.05638132398940762,-0.06119727683118199,0.0,0.0,0.0,0.0,0.0,0.0,0.0,0.0,0.0,0.0,0.0,0.0
10,-7547.189825653954,-0.023799197332542644,-0.04045326610041005,-0.0571162288840011,-0.07378499789269802,-0.0904530095627332,-0.10712130971963804,-0.12379045127303694,-0.1404608513065259,-0.1571329326260302,-0.17380718886098603,-0.19048421747925368,-0.20716469659046824,-0.0,-0.0,-0.0,-0.0,-0.0,-0.0,-0.0,-0.0,-0.0,-0.0,-0.0,-0.0
11,13072.57151554674,0.016521049257571797,0.026153147169668857,0.03576296811684936,0.0453832982783242,0.055005717765307945,0.06462905054250406,0.07425324345369613,0.08387845780986734,0.09350497240489877,0.10313320848439245,0.11276381003511969,0.12239774219563691,0.0,0.0,0.0,0.0,0.0,0.0,0.0,0.0,0.0,0.0,0.0,0.0
12,15058.04592867804,0.011824492400535631,0.01961280794685299,0.0277874513616689,0.03615670132063381,0.04448566713459521,0.05282373450917431,0.06119419015002298,0.06961110745482817,0.07808054325701719,0.08658658588159227,0.09504230707952005,0.10316910958365537,-0.0,-0.0,-0.0,-0.0,-0.0,-0.0,-0.0,-0.0,-0.0,-0.0,-0.0,-0.0
13,-13.797053404404624,-0.00834364886449954,-0.013381341114408387,-0.017678593318721923,-0.02239151281160224,-0.02719050904780287,-0.03203568865869795,-0.03693576004239858,-0.041914444209627165,-0.04701341554586426,-0.05230384775323878,-0.05789513655638094,-0.06386589321340753,0.0,0.0,0.0,0.0,0.0,0.0,0.0,0.0,0.0,0.0,0.0,0.0
14,-7551.801813922378,0.011839547309945764,0.019536641917038175,0.02784258945311641,0.03620737850387292,0.04453242097442749,0.052869345252089146,0.06123990242498675,0.06965849798568678,0.07813518184020632,0.08666903247636727,0.09522337948879353,0.10366979213572565,-0.0,-0.0,-0.0,-0.0,-0.0,-0.0,-0.0,-0.0,-0.0,-0.0,-0.0,-0.0
15,-13044.140561379209,-0.008355235035231608,-0.013370353865970172,-0.0176595485128462,-0.022406550586885527,-0.02721358588571613,-0.0320577517960809,-0.03694686548466365,-0.04189765191342803,-0.04693718785721881,-0.05210860717485974,-0.057473284140341044,-0.06306656227188362,0.0,0.0,0.0,0.0,0.0,0.0,0.0,0.0,0.0,0.0,0.0,0.0
16,-7524.187542251141,-0.023755484896180703,-0.0391454045685538,-0.055635710331585576,-0.07239425652309746,-0.08906227773807039,-0.10574484687094195,-0.12248974399908327,-0.13933275731711148,-0.1563140186623257,-0.17349259575346784,-0.19097498065262006,-0.20896941678121947,-0.0,-0.0,-0.0,-0.0,-0.0,-0.0,-0.0,-0.0,-0.0,-0.0,-0.0,-0.0
17,13059.753398936458,0.01674875250949907,0.02685634844850381,0.03537737763357962,0.044815542944231644,0.05439147919000954,0.06402568463935604,0.07371510789871516,0.08346684961570211,0.09328986480612966,0.10319345054064046,0.1131942758965126,0.12336919866328,0.0,0.0,0.0,0.0,0.0,0.0,0.0,0.0,0.0,0.0,0.0,0.0
18,15033.332597864846,0.011774036395931116,0.019200409472320552,0.027269871167480076,0.0356612745888833,0.04398498586674146,0.05232304019927062,0.06071400264245257,0.06918109983875627,0.07773419058705758,0.08634650662866795,0.09487293860667766,0.1028491126070009,-0.0,-0.0,-0.0,-0.0,-0.0,-0.0,-0.0,-0.0,-0.0,-0.0,-0.0,-0.0
19,-23.014714053508815,-0.008399308144474527,-0.013585335594590074,-0.01754184902783999,-0.0221891963605701,-0.02697912693184842,-0.03184539777899254,-0.036802471805564604,-0.04188976557260461,-0.047176571632113515,-0.0527812779640601,-0.058885847311496875,-0.06562075574771724,0.0,0.0,0.0,0.0,0.0,0.0,0.0,0.0,0.0,0.0,0.0,0.0
20,-7554.901299249231,0.011799827941664946,0.019074957382981105,0.027363117253992406,0.03574823186999378,0.04406679933696706,0.052404577643367006,0.06079760780422754,0.06926969881975786,0.07783737914499526,0.08649882436695983,0.0951924443853009,0.10370325366818613,-0.0,-0.0,-0.0,-0.0,-0.0,-0.0,-0.0,-0.0,-0.0,-0.0,-0.0,-0.0
21,-13025.859231107946,-0.008418689356283572,-0.013567139645064258,-0.017509188306294922,-0.022211872358327393,-0.027013681584322165,-0.031876531414230705,-0.03681339460720327,-0.04185207448379625,-0.04703763759767736,-0.05244194231416494,-0.05816728409462766,-0.0642724558324683,0.0,0.0,0.0,0.0,0.0,0.0,0.0,0.0,0.0,0.0,0.0,0.0
22,-7509.164567593669,-0.02372757429465609,-0.0382709223918047,-0.054646249016604344,-0.07146533776817919,-0.0881329492799596,-0.10482364015265362,-0.12161658623726339,-0.13857101570615724,-0.15575339914641767,-0.17326177485065775,-0.191273302615328,-0.21013502030840958,-0.0,-0.0,-0.0,-0.0,-0.0,-0.0,-0.0,-0.0,-0.0,-0.0,-0.0,-0.0
23,13051.370026743914,0.016901203074680907,0.027326371304454866,0.035114880833615296,0.04442720814426172,0.05396688599233251,0.06360172460830976,0.07332649402095709,0.08315277456474031,0.09309515703759828,0.10316869341138911,0.11340056907155548,0.12391821285959678,0.0,0.0,0.0,0.0,0.0,0.0,0.0,0.0,0.0,0.0,0.0,0.0
24,14569.294674225344,0.010823611844410958,0.011472869930048387,0.017502716343477207,0.026160462753043043,0.03415533563373969,0.04215739953854713,0.050469178038477946,0.05926328735420998,0.06859917384156156,0.07822818258305553,0.08690958452021662,0.09073170040046177,-0.0,-0.0,-0.0,-0.0,-0.0,-0.0,-0.0,-0.0,-0.0,-0.0,-0.0,-0.0
25,-195.47368729683149,-0.009424694033002178,-0.017342645722162615,-0.01489247957189474,-0.018216370980226368,-0.02268191575442059,-0.02772029892242129,-0.03344048493267328,-0.040160149330039044,-0.04844641221785554,-0.05927598714917915,-0.0741545906271763,-0.0941504285772005,0.0,0.0,0.0,0.0,0.0,0.0,0.0,0.0,0.0,0.0,0.0,0.0
26,-7615.349969488173,0.01106323007241929,0.010457737672010484,0.018352155234476985,0.026993791682324828,0.03499081113223596,0.04304523544026307,0.051439377581313714,0.06035181891373532,0.06989907676525971,0.08004245383584103,0.09023996784188883,0.09865934896388662,-0.0,-0.0,-0.0,-0.0,-0.0,-0.0,-0.0,-0.0,-0.0,-0.0,-0.0,-0.0
27,-12696.760970534802,-0.009589686242669496,-0.01718561930415376,-0.014590263284688314,-0.018350008338012862,-0.022879819586264834,-0.027847298230127118,-0.033349295720459964,-0.03960681250796124,-0.046985215708331036,-0.05607403025851273,-0.06771732785785055,-0.08239299719251791,0.0,0.0,0.0,0.0,0.0,0.0,0.0,0.0,0.0,0.0,0.0,0.0
28,-7237.48348983978,-0.02322081704289844,-0.021958067646070115,-0.0360687634648947,-0.0537706110370446,-0.07002399082530272,-0.08625755681120484,-0.10309416789724511,-0.12098696774895797,-0.14044777491664107,-0.16225066735298932,-0.18783003591398925,-0.2200410141987594,-0.0,-0.0,-0.0,-0.0,-0.0,-0.0,-0.0,-0.0,-0.0,-0.0,-0.0,-0.0
29,12897.098477314321,0.019715867267573652,0.03597488624769475,0.029959156981132863,0.03666529551394575,0.045142331994376755,0.05425271125728929,0.06392598966989478,0.07423171540781891,0.08526290732418765,0.09711371299084383,0.10997562731726503,0.12487361566325589,0.0,0.0,0.0,0.0,0.0,0.0,0.0,0.0,0.0,0.0,0.0,0.0
30,-7614.371221976038,0.011060903132015897,0.010453959768784712,0.018348641158637165,0.026990843487398563,0.034990078487481216,0.043048962878538204,0.051450421969831406,0.0603736871082808,0.06993588724852107,0.08009861117862904,0.09031896930548737,0.09876083734012096,-0.0,-0.0,-0.0,-0.0,-0.0,-0.0,-0.0,-0.0,-0.0,-0.0,-0.0,-0.0
31,-12694.871019322054,-0.00958962533589514,-0.017186288635798443,-0.014595086031172884,-0.01836109855570555,-0.022899846103393438,-0.027879671445300697,-0.03339827841808587,-0.03967779112545525,-0.04708515161557474,-0.05621215268040715,-0.06790589492037917,-0.08264641109673813,0.0,0.0,0.0,0.0,0.0,0.0,0.0,0.0,0.0,0.0,0.0,0.0
32,14026.940432086405,0.009712781328566122,0.0024553566926721893,0.0059836450815018505,0.01467444077332765,0.02183678395360284,0.028770561515467502,0.03602526329751941,0.04388097217579073,0.052389874308206276,0.06101766793664268,0.06739019231607292,0.06425937906654822,-0.0,-0.0,-0.0,-0.0,-0.0,-0.0,-0.0,-0.0,-0.0,-0.0,-0.0,-0.0
33,-396.30591437693124,-0.010586314254421266,-0.021593873664824396,-0.011587804622749531,-0.013145644773904345,-0.01686968016936809,-0.021567408431472847,-0.027399495327358362,-0.03492056734481986,-0.04513855241012646,-0.05979647664227336,-0.08156509395515517,-0.11221956773937762,0.0,0.0,0.0,0.0,0.0,0.0,0.0,0.0,0.0,0.0,0.0,0.0
34,-7682.721813532281,0.010214892600734339,0.00043324708274380746,0.007722993408038968,0.016378213902905593,0.023530443232674145,0.03053926877353622,0.03790832426253349,0.045922900086547355,0.054738022879747696,0.06421123132772892,0.07327422664387043,0.07852513643190129,-0.0,-0.0,-0.0,-0.0,-0.0,-0.0,-0.0,-0.0,-0.0,-0.0,-0.0,-0.0
35,-12330.145275238949,-0.010920392116668877,-0.021275628226739837,-0.010947880625781399,-0.013343815930006723,-0.017141258674414607,-0.021622716377463377,-0.02692523963822407,-0.03341504469354602,-0.04171321906506482,-0.052832804951608164,-0.06822249681962539,-0.08863329732014022,0.0,0.0,0.0,0.0,0.0,0.0,0.0,0.0,0.0,0.0,0.0,0.0
36,-6922.576394233196,-0.02259223991520741,-0.0028912746866013033,-0.014088449795127467,-0.032241919437897955,-0.047094422252076745,-0.0614253290293105,-0.076366591924055,-0.09267902258944861,-0.11119501714158125,-0.13318909750959804,-0.16108586120190288,-0.199800900957742,-0.0,-0.0,-0.0,-0.0,-0.0,-0.0,-0.0,-0.0,-0.0,-0.0,-0.0,-0.0
37,12707.842606977074,0.02292873291447148,0.04579212753818371,0.023547483647911864,0.026809601946397518,0.033393317470098285,0.04093782619791037,0.04922738279248987,0.058317490786016335,0.06829738334855075,0.07923944756386991,0.09136260629638995,0.10634051340976365,0.0,0.0,0.0,0.0,0.0,0.0,0.0,0.0,0.0,0.0,0.0,0.0
38,13594.2257512471,0.008824393170026453,-0.004681770915776161,-0.003182527239551883,0.00538531408523592,0.011646311285991265,0.017362874149963906,0.023238246606964975,0.029590885865853334,0.0364270642551568,0.04300330312872254,0.046302879476044494,0.03742674348086394,-0.0,-0.0,-0.0,-0.0,-0.0,-0.0,-0.0,-0.0,-0.0,-0.0,-0.0,-0.0
39,-551.8047894590624,-0.011484605839810454,-0.024868143464475523,-0.008860584557656979,-0.008913121688538929,-0.011856357128168425,-0.01597481317109886,-0.021416195637377906,-0.028832431116031745,-0.03942319603723523,-0.055257589643295316,-0.07946016221513655,-0.11389462304180256,0.0,0.0,0.0,0.0,0.0,0.0,0.0,0.0,0.0,0.0,0.0,0.0
40,-7731.844380427564,0.009533254173948173,-0.007497500114841458,-0.0007560028542303278,0.007756413439662513,0.013991318422378083,0.01979219922641699,0.025796160260007552,0.03232447888927517,0.03951268266607698,0.04711135106058658,0.05372912047337522,0.05516081679397878,-0.0,-0.0,-0.0,-0.0,-0.0,-0.0,-0.0,-0.0,-0.0,-0.0,-0.0,-0.0
41,-12039.60913025838,-0.011953614702365535,-0.024429663051342226,-0.007960483051255178,-0.00916688043230861,-0.01219634760457022,-0.01599994531048397,-0.020703519977694988,-0.02672149845240596,-0.03476979403125031,-0.04602005338138796,-0.06213351099094073,-0.08387003701060297,0.0,0.0,0.0,0.0,0.0,0.0,0.0,0.0,0.0,0.0,0.0,0.0
42,-6674.450239183574,-0.02207252852580288,0.01218344489427004,0.0034232239689223763,-0.014757735975099787,-0.02797016361451234,-0.039983388413526874,-0.052237317990820514,-0.06561074479555153,-0.0810091560950533,-0.09981447030961027,-0.12471167125129319,-0.16123018462291563,-0.0,-0.0,-0.0,-0.0,-0.0,-0.0,-0.0,-0.0,-0.0,-0.0,-0.0,-0.0
43,12553.739003028353,0.025422085770409532,0.05336227861648398,0.018230304384139424,0.018530672715805344,0.02321830681025861,0.02893086053387074,0.03528603097402317,0.042264139348724084,0.04987389823006922,0.058074115632787734,0.0669514752443839,0.07824572315976637,0.0,0.0,0.0,0.0,0.0,0.0,0.0,0.0,0.0,0.0,0.0,0.0
44,14779.971480339515,0.009588256725649918,-0.00523386517514204,-0.0036756085732391947,0.00563552931921097,0.012422123727608793,0.018608732742592813,0.02496312794843752,0.03183231463166083,0.039222354966309124,0.04632178944727493,0.04984194590061119,0.040086261498526427,-0.0,-0.0,-0.0,-0.0,-0.0,-0.0,-0.0,-0.0,-0.0,-0.0,-0.0,-0.0
45,-605.1933135030133,-0.012513817590119472,-0.02714809279377305,-0.00960232219537391,-0.009616711975346628,-0.012794060426418287,-0.017253573186747074,-0.023153820000355856,-0.031204119613101298,-0.04271070015607389,-0.059926613291008894,-0.08625358716637388,-0.12371703705083223,0.0,0.0,0.0,0.0,0.0,0.0,0.0,0.0,0.0,0.0,0.0,0.0
46,-7927.47936282699,0.00976796430302369,-0.007823687659591233,-0.0009358800476861427,0.007785660860718068,0.014158200577366062,0.02007962110266372,0.026205146062110607,0.03286458813973932,0.04019666063625833,0.04794493756824076,0.0546815781627293,0.05609259045939214,-0.0,-0.0,-0.0,-0.0,-0.0,-0.0,-0.0,-0.0,-0.0,-0.0,-0.0,-0.0
47,-12336.52678080794,-0.012273932601924078,-0.025121611198987825,-0.008118723489754481,-0.009328946275147833,-0.012416281315031698,-0.01629780420740501,-0.0211012558662548,-0.027251052817099625,-0.035480872404747954,-0.04699168534508585,-0.06348645547268895,-0.08574386811924979,0.0,0.0,0.0,0.0,0.0,0.0,0.0,0.0,0.0,0.0,0.0,0.0
48,-6878.514642101977,-0.022760704167418214,0.012846623877512325,0.003911668386846524,-0.014828126499141121,-0.02841221007899208,-0.040744033532941724,-0.053313600351845424,-0.0670282796162586,-0.08282127347237432,-0.10211600612421044,-0.12767866769403488,-0.16520774103897892,-0.0,-0.0,-0.0,-0.0,-0.0,-0.0,-0.0,-0.0,-0.0,-0.0,-0.0,-0.0
49,12946.39900892057,0.02626584175518709,0.05523163790407876,0.018731435740148232,0.018967742936819257,0.023756224755481507,0.029604593618205933,0.03611392500715003,0.043262029602149636,0.05105635376606378,0.059452552450009376,0.06853731707975363,0.0801005764788884,0.0,0.0,0.0,0.0,0.0,0.0,0.0,0.0,0.0,0.0,0.0,0.0
50,14779.786040099587,0.009587896433293275,-0.005236225185033226,-0.003678354853434533,0.005632763419285786,0.012419066080823568,0.018605271649088047,0.024959197255659663,0.03182785544478959,0.03921729029987845,0.04631598204043155,0.04983509923673546,0.04007771870338912,-0.0,-0.0,-0.0,-0.0,-0.0,-0.0,-0.0,-0.0,-0.0,-0.0,-0.0,-0.0
51,-605.2266353277886,-0.012514066004513831,-0.027148816872632958,-0.009601212257320862,-0.00961519670337297,-0.012792318465401168,-0.017251643054535245,-0.023151737177324494,-0.031201940799662004,-0.04270852133146022,-0.05992459244490255,-0.08625195471223147,-0.12371597841657905,0.0,0.0,0.0,0.0,0.0,0.0,0.0,0.0,0.0,0.0,0.0,0.0
52,-7927.468078439145,0.009767662185905905,-0.007826407524793216,-0.0009385327709925298,0.007782962933735737,0.014155185991257906,0.02007618282843008,0.02620121660950626,0.0328601064918253,0.04019155437438944,0.04793909870220351,0.0546748109746452,0.0560845068498764,-0.0,-0.0,-0.0,-0.0,-0.0,-0.0,-0.0,-0.0,-0.0,-0.0,-0.0,-0.0
53,-12336.394674332027,-0.012274253423685808,-0.02512232327785761,-0.00811752081610839,-0.00932741024288413,-0.012414503791827708,-0.016295792450341753,-0.021099014785989377,-0.027248596744369354,-0.035478233231770004,-0.04698892304747359,-0.06348366297336722,-0.08574111472820502,0.0,0.0,0.0,0.0,0.0,0.0,0.0,0.0,0.0,0.0,0.0,0.0
54,-6878.41495495754,-0.022760379955111685,0.012852063153183473,0.003917447269415064,-0.014822394957729683,-0.028405895900090367,-0.040736870448685965,-0.05330541945140952,-0.06701893654760448,-0.08281062426525418,-0.10210390225982025,-0.12766497218695505,-0.1651923739895632,-0.0,-0.0,-0.0,-0.0,-0.0,-0.0,-0.0,-0.0,-0.0,-0.0,-0.0,-0.0
55,12946.313366357686,0.02626668317129873,0.05523363695542476,0.018729112514248806,0.018964506334043847,0.023752349394842196,0.029600054566747133,0.03610864741330921,0.0432559094899007,0.05104925144066856,0.05944427707371486,0.0685276100202813,0.08008913054015636,0.0,0.0,0.0,0.0,0.0,0.0,0.0,0.0,0.0,0.0,0.0,0.0
56,14774.037254647139,0.00957672730667792,-0.00530938223929998,-0.003763486898954555,0.005547018188891326,0.012324268861134845,0.01849795527018157,0.024837304807448404,0.03168955327188832,0.03906018310035983,0.046135809764464325,0.049622686070011725,0.03981279030021895,-0.0,-0.0,-0.0,-0.0,-0.0,-0.0,-0.0,-0.0,-0.0,-0.0,-0.0,-0.0
57,-606.2593301545489,-0.012521765464661045,-0.02717125812418942,-0.009566800725401878,-0.009568216029636149,-0.012738302542861051,-0.017191780378691863,-0.023087118932267083,-0.031134310429744547,-0.042640829921951215,-0.05986169526255125,-0.08620092198108185,-0.12368245773697001,0.0,0.0,0.0,0.0,0.0,0.0,0.0,0.0,0.0,0.0,0.0,0.0
58,-7927.11798802988,0.00975829637897129,-0.007910720118999674,-0.0010207661441790136,0.007699323160452576,0.014061721706642103,0.019969571583766846,0.026079360018416386,0.03272110503745389,0.0400331535918427,0.04775794222568831,0.054464832678610825,0.05583371165150626,-0.0,-0.0,-0.0,-0.0,-0.0,-0.0,-0.0,-0.0,-0.0,-0.0,-0.0,-0.0
59,-12332.299438684153,-0.012284197634838656,-0.025144393289018203,-0.008080234812569352,-0.009279786173189067,-0.012359386208355026,-0.016233401736671635,-0.021029496315613252,-0.02717238416768193,-0.035396298272614576,-0.046903097257928315,-0.06339678282026498,-0.08565527277065361,0.0,0.0,0.0,0.0,0.0,0.0,0.0,0.0,0.0,0.0,0.0,0.0
60,-6875.3248001780275,-0.022750328848243535,0.013020673198794037,0.004096588717585902,-0.01464470946384894,-0.028210130473621184,-0.04051476067200758,-0.05305171492106091,-0.06672914266703814,-0.08248024984412022,-0.10172830051185683,-0.12723982499139622,-0.16471507262783658,-0.0,-0.0,-0.0,-0.0,-0.0,-0.0,-0.0,-0.0,-0.0,-0.0,-0.0,-0.0
61,12943.65820703876,0.02629276382545481,0.05529559638038679,0.01865708485789948,0.018864155842625626,0.02363218267668713,0.029459291283233317,0.035944957925404177,0.043066059104937195,0.05082889581014017,0.059187483931857715,0.06822634104073334,0.07973382088672666,0.0,0.0,0.0,0.0,0.0,0.0,0.0,0.0,0.0,0.0,0.0,0.0
62,14760.781815329581,0.009562031936384958,-0.005336339618596595,-0.003778645640309521,0.005530837933379478,0.012308772695882642,0.018487110447746424,0.024835388882427166,0.03169882412998986,0.03907426316228884,0.046120461415506964,0.04946215767149934,0.03918794313466277,-0.0,-0.0,-0.0,-0.0,-0.0,-0.0,-0.0,-0.0,-0.0,-0.0,-0.0,-0.0
63,-606.5354512380799,-0.012518136007304316,-0.027153872537966434,-0.009561350846062145,-0.009586296645134967,-0.012789712809922816,-0.017293971941602995,-0.023267413976453766,-0.03143548187005937,-0.043131049558782095,-0.060650018401304115,-0.08745028906337114,-0.12555722908254338,0.0,0.0,0.0,0.0,0.0,0.0,0.0,0.0,0.0,0.0,0.0,0.0
64,14643.457290680293,0.009287501196208888,-0.00755965414780828,-0.0064782116987634345,0.002804500163820386,0.009262825836190022,0.014974013962236007,0.020748713751797522,0.026949226153992322,0.03360779044750689,0.04000754982514474,0.04317354061339811,0.03426821583626416,-0.0,-0.0,-0.0,-0.0,-0.0,-0.0,-0.0,-0.0,-0.0,-0.0,-0.0,-0.0
65,-630.1570372352236,-0.012782532688980788,-0.02798463995906652,-0.008453314790727326,-0.007906196600856855,-0.010649131319448524,-0.014609793377235608,-0.019884000586721295,-0.02710903677601944,-0.03747576177972526,-0.05304639102931358,-0.0769492597801825,-0.1110999500807947,0.0,0.0,0.0,0.0,0.0,0.0,0.0,0.0,0.0,0.0,0.0,0.0
66,-7902.840203212101,0.009481299643568369,-0.010617119999827777,-0.003692362306445386,0.004974289174548709,0.01100180605459233,0.0164545325038364,0.022028229616352053,0.028064469898913542,0.03471121643578478,0.04174220314541889,0.04783146053892491,0.04893450655875464,-0.0,-0.0,-0.0,-0.0,-0.0,-0.0,-0.0,-0.0,-0.0,-0.0,-0.0,-0.0
67,-12186.134528370289,-0.012606512816913823,-0.02589283181455209,-0.006857008006848437,-0.0076603434615527,-0.010411922808278167,-0.013922096679132663,-0.018292424643172666,-0.023920423323460227,-0.031498598166883246,-0.04216344846152495,-0.05753437844551847,-0.07838603450900622,0.0,0.0,0.0,0.0,0.0,0.0,0.0,0.0,0.0,0.0,0.0,0.0
68,-6762.083318376432,-0.02239263975599941,0.018621208820834248,0.010021866714839482,-0.0087561755240291,-0.02170814727945833,-0.03312021446490725,-0.04457906776763896,-0.05700480827840746,-0.07130051062233722,-0.08880957204576155,-0.11212072464230304,-0.14656387271067084,-0.0,-0.0,-0.0,-0.0,-0.0,-0.0,-0.0,-0.0,-0.0,-0.0,-0.0,-0.0
69,12866.394533643783,0.02715119469367933,0.05730261200115662,0.01626959646474501,0.015577890557332785,0.01973866113496446,0.024956824523926432,0.030796491302387246,0.03722935718747426,0.044265679875576024,0.05187044903301258,0.06013018113755585,0.07071367855646091,0.0,0.0,0.0,0.0,0.0,0.0,0.0,0.0,0.0,0.0,0.0,0.0
70,14423.11694501752,0.009189887615060508,-0.005932346442668221,-0.0040963463797294005,0.00507907811845899,0.011710256337415823,0.01775202737092404,0.023946223730958557,0.030548682912761194,0.03731019356848467,0.042728303573455494,0.04169718585097362,0.020384214833397512,-0.0,-0.0,-0.0,-0.0,-0.0,-0.0,-0.0,-0.0,-0.0,0.0,0.0,0.0
71,-607.2912915635044,-0.012392390751253557,-0.026596791212562476,-0.00934751534017593,-0.009875363158896613,-0.013738970217573393,-0.019226566906851927,-0.026695691274886565,-0.037157756526718204,-0.05240166751336449,-0.0754196144114845,-0.11045918418485608,-0.15897648944072917,0.0,0.0,0.0,0.0,0.0,0.0,0.0,0.0,0.0,0.0,0.0,0.0
72,14379.852779743691,0.009142747915482878,-0.00599458990766541,-0.004126242510464894,0.0050169268761859585,0.011606757972588129,0.017596275932416562,0.023719426278135773,0.0302172698053801,0.0368112289177422,0.04193778695544238,0.040365743757158665,0.018056591272331824,-0.0,-0.0,-0.0,-0.0,-0.0,-0.0,-0.0,-0.0,-0.0,-0.0,-0.0,-0.0
73,-606.4577920867279,-0.012371447838066587,-0.026509164572575773,-0.009309477141649166,-0.00988609750844739,-0.013802844743575321,-0.019362713648814485,-0.026934478347879164,-0.03754359589126505,-0.05299745594338388,-0.07630683915233334,-0.1117081041368983,-0.16049617017108078,0.0,0.0,0.0,0.0,0.0,0.0,0.0,0.0,0.0,0.0,0.0,0.0
74,-7901.390778555185,0.009478098006715277,-0.010620110000106518,-0.003693610427325104,0.0049709402331828325,0.010996215734735642,0.016446432930156064,0.022017144571554164,0.02804959783638446,0.03469115439130237,0.04171436244830578,0.04779097708428694,0.04887329685672183,-0.0,-0.0,-0.0,-0.0,-0.0,-0.0,-0.0,-0.0,-0.0,-0.0,-0.0,-0.0
75,-12183.7217568794,-0.01260509296972738,-0.025886109065847752,-0.006854897504894195,-0.007661027762176914,-0.010415529497453854,-0.013929493915281107,-0.018304909334929627,-0.023939768081473106,-0.03152717253017793,-0.042204264403550774,-0.05759055546595708,-0.07845810669374463,0.0,0.0,0.0,0.0,0.0,0.0,0.0,0.0,0.0,0.0,0.0,0.0
76,14632.754074186207,0.009264308100685896,-0.007743625343904625,-0.0067009284464210235,0.0025794250314087495,0.009011281066586612,0.014683893393511959,0.020411213657787815,0.026556703087505084,0.03315485565614935,0.0394973159308856,0.04263758686992281,0.033816491988050805,-0.0,-0.0,-0.0,-0.0,-0.0,0.0,0.0,0.0,0.0,0.0,0.0,0.0
77,-632.4228721349099,-0.01280387968648777,-0.028052173973435464,-0.008361807385080336,-0.007768731965912586,-0.010475339988992924,-0.014393662730582962,-0.01961401959882257,-0.02676715780084769,-0.03703339313810899,-0.0524574386640747,-0.07614240718075209,-0.10999314387665189,0.0,0.0,0.0,0.0,0.0,0.0,0.0,0.0,0.0,0.0,0.0,0.0
78,-7901.27354099798,0.009460165933098582,-0.010837556128883258,-0.00391123795052763,0.004751622640546785,0.010752072087693803,0.016167618712706763,0.02169721796245114,0.027683408755219775,0.034275135360188565,0.04124940933744355,0.047290943927264094,0.048382724058075866,-0.0,-0.0,-0.0,-0.0,-0.0,-0.0,-0.0,-0.0,-0.0,-0.0,-0.0,-0.0
79,-12175.231936037764,-0.012633408545564278,-0.025957320804812088,-0.006757208260926157,-0.0075261130362432906,-0.01024851867670269,-0.013725722131292053,-0.018056707447743226,-0.02363617040528769,-0.031152306002290575,-0.04173493966835626,-0.05699498903548678,-0.07770711117005147,0.0,0.0,0.0,0.0,0.0,0.0,0.0,0.0,0.0,0.0,0.0,0.0
80,-6752.781591416417,-0.022362904284643978,0.019081498089402467,0.010508897947301483,-0.00827107734600298,-0.021170961153206807,-0.03250712939998423,-0.043873602994546665,-0.056190953966047535,-0.0703589733394391,-0.08771306890106126,-0.11082455756744565,-0.14498734368319774,-0.0,-0.0,-0.0,-0.0,-0.0,-0.0,-0.0,-0.0,-0.0,-0.0,-0.0,-0.0
81,12859.81581778789,0.02722153857459896,0.057466224961963804,0.01607250892404555,0.01530647186336039,0.019416348779374697,0.024582939515948567,0.03036733084805638,0.03674064554513005,0.04371330392159641,0.051250996775930445,0.059439887847397205,0.06993649392423198,0.0,0.0,0.0,0.0,0.0,0.0,0.0,0.0,0.0,0.0,0.0,0.0
82,14373.73742356395,0.008701845433543125,-0.012200853163133065,-0.01210354880311356,-0.0028977913755507353,0.002863183191671686,0.007554389941717523,0.012063885684661824,0.016777314074224284,0.021782000981908023,0.02659347398682856,0.02904453557179441,0.0225715394290956,-0.0,-0.0,-0.0,-0.0,-0.0,-0.0,-0.0,-0.0,-0.0,-0.0,-0.0,-0.0
83,-685.7611987016338,-0.013318294618490028,-0.029677352459957784,-0.0061261555340290565,-0.0043999924980793114,-0.006192094758545293,-0.009028049782743035,-0.01285197879433379,-0.018113751638148223,-0.025697987135391776,-0.03715293691222129,-0.054851997387206926,-0.08033671032017527,0.0,0.0,0.0,0.0,0.0,0.0,0.0,0.0,0.0,0.0,0.0,0.0
84,-7861.784250423394,0.008945321826112412,-0.01618402974820951,-0.009228040888475116,-0.0006764899600022332,0.004635643018921499,0.009099890869316661,0.013486578364262003,0.01815484928342979,0.023271979025542427,0.028698735388697993,0.033420337219193345,0.0342297072023565,-0.0,-0.0,-0.0,-0.0,-0.0,-0.0,-0.0,-0.0,-0.0,-0.0,-0.0,-0.0
85,-11909.610799056472,-0.013282246396640414,-0.027507349070714133,-0.00431891410806107,-0.004235687054523594,-0.006220863855480871,-0.008850647564488504,-0.012152286469811388,-0.016436798612286148,-0.02226200668670117,-0.030552066847763664,-0.04264556109888889,-0.059271522114833164,0.0,0.0,0.0,0.0,0.0,0.0,0.0,0.0,0.0,0.0,0.0,0.0
86,-6527.4889071944235,-0.02164063034138474,0.030239050723987082,0.02233059471924926,0.003545578454208874,-0.008021607602315739,-0.017407942745999487,-0.02636979932536095,-0.035817350278363906,-0.04653678525039976,-0.05961034372331557,-0.07706907819001668,-0.10308905670341113,-0.0,-0.0,-0.0,-0.0,-0.0,-0.0,-0.0,-0.0,-0.0,-0.0,-0.0,-0.0
87,12700.236163738913,0.02891994171775158,0.061405135870208745,0.011254039298242358,0.008648376317965018,0.01146317298684565,0.015289220594222542,0.019606652034761165,0.0243636073716455,0.02956434595628921,0.035180298389612334,0.04126810636681692,0.04909367115996155,0.0,0.0,0.0,0.0,0.0,0.0,0.0,0.0,0.0,0.0,0.0,0.0
88,14367.449961598933,0.008688116968968729,-0.012313168059684429,-0.012240490683809996,-0.0030366776098044584,0.00270710254942251,0.0073730008830214,0.01185087164652486,0.016526850977580543,0.021489630833730792,0.02626084730552045,0.028694905288250167,0.022289647349675222,-0.0,0.0,0.0,0.0,0.0,0.0,0.0,0.0,-0.0,-0.0,-0.0,-0.0
89,-687.1384172619013,-0.013331467634995434,-0.02971953417765983,-0.006069874330740871,-0.004314293007461347,-0.00608234270470774,-0.008889561303213868,-0.012676079866737903,-0.017886730675691125,-0.025397847591844293,-0.03674369706472098,-0.05427691835290555,-0.07952796061812581,0.0,0.0,0.0,0.0,0.0,0.0,0.0,0.0,0.0,0.0,0.0,0.0
90,-7860.803388693183,0.008932504914677416,-0.016319206945657822,-0.009362900040254833,-0.0008143774811742333,0.0044799136272928065,0.00891936270947936,0.013275998115080958,0.017909265422631767,0.02298681350833081,0.028371638140602725,0.03305743465427019,0.03386062946037176,-0.0,-0.0,-0.0,-0.0,-0.0,-0.0,0.0,0.0,0.0,0.0,0.0,0.0
91,-11902.959814356363,-0.013298690055494748,-0.027546991413293604,-0.004257106317882537,-0.004151776369260259,-0.006117570238163461,-0.008724818289878348,-0.011998745381486044,-0.0162479259515077,-0.02202633481346757,-0.03025198851854451,-0.042255132861894924,-0.05876252153355501,0.0,0.0,0.0,0.0,0.0,0.0,0.0,0.0,0.0,0.0,0.0,0.0
92,-6521.936187941897,-0.021622851439474473,0.03052107720523611,0.022630252583651905,0.0038455711056483008,-0.0076869578368208725,-0.017022350984763904,-0.025920841211218515,-0.035291973104133297,-0.04591847877436272,-0.05887514454733745,-0.07617719796858465,-0.10196773882530512,-0.0,-0.0,-0.0,-0.0,-0.0,-0.0,-0.0,0.0,0.0,0.0,0.0,0.0
93,12696.340429820662,0.028963059373966846,0.06150567844049011,0.011131943224946612,0.008478644389159958,0.011259259216196586,0.015049412956786835,0.019327001683019904,0.024039381451316053,0.029190436084366753,0.034751509755025306,0.04077812338154498,0.04852464196573164,0.0,0.0,0.0,0.0,0.0,0.0,0.0,0.0,0.0,0.0,0.0,0.0
94,15050.390812582127,0.008337848413561506,-0.02191625476940515,-0.023789337914813982,-0.01406639865633274,-0.00929840687706443,-0.006384454788439107,-0.004248317229565875,-0.0024605195263020315,-0.0008360644474249801,0.0006199292831645452,0.0015160355303882025,0.00048483796483214246,-0.0,-0.0,-0.0,-0.0,-0.0,-0.0,-0.0,-0.0,-0.0,-0.0,-0.0,-0.0
95,-848.5768576080624,-0.015412297894928149,-0.035342001540914374,-0.002199050578200543,0.0020361632411195073,0.0021017547536182346,0.001485140588368581,0.0006051323237782624,-0.0005516672757079061,-0.0021540109412871646,-0.004531770753892287,-0.008214105721675647,-0.013606927332627337,0.0,0.0,0.0,0.0,0.0,0.0,0.0,0.0,0.0,0.0,0.0,0.0
96,-8419.974139685926,0.008676669013014709,-0.027933488007736804,-0.020461546843139434,-0.01156664186653693,-0.007391343701413921,-0.00477572291819169,-0.002794226921634209,-0.0010817393519256386,0.0005267516360722086,0.0020538682557700596,0.003258882902010013,0.0032875031900358367,-0.0,-0.0,-0.0,-0.0,-0.0,-0.0,-0.0,-0.0,-0.0,-0.0,-0.0,-0.0
97,-12362.777497009367,-0.015612447102942512,-0.03275461139145638,0.00019414158882405218,0.0021072397130703687,0.0016510227876409985,0.0008561899389197583,-9.078376965345295e-05,-0.0012400146874392008,-0.0027322509493363308,-0.004808794043840935,-0.007823506762966457,-0.011979854695775323,0.0,0.0,0.0,0.0,0.0,0.0,0.0,0.0,0.0,0.0,0.0,0.0
98,-6623.189338991474,-0.02201172846098968,0.054740999615092684,0.04766240845500468,0.027479265989862854,0.017842242042052585,0.011924443168563658,0.007560796623804514,0.003868766429649671,0.0003547620196021866,-0.0034068676864534918,-0.00802739353177861,-0.014673248213988162,-0.0,-0.0,-0.0,-0.0,-0.0,-0.0,-0.0,-0.0,-0.0,-0.0,-0.0,-0.0
99,13425.595630128253,0.034624504776464185,0.07426179797656998,0.0025819887135023647,-0.004047610228759521,-0.0037991096931719987,-0.0026394146654048775,-0.0013174672881220634,4.0099550970256856e-05,0.0014064909422926194,0.0027556921539998672,0.004070702018021055,0.005633835449802145,0.0,0.0,0.0,0.0,0.0,0.0,0.0,0.0,0.0,0.0,0.0,0.0
100,15016.266992190347,0.008242079274106398,-0.022865530596076288,-0.024989077969997178,-0.01528531337389881,-0.010672693646144083,-0.007992243986774025,-0.006154665680807572,-0.004728941405903843,-0.003519545208517701,-0.00247204393664329,-0.0017540614959543628,-0.0020754239111358615,-0.0,-0.0,-0.0,-0.0,-0.0,-0.0,-0.0,-0.0,-0.0,-0.0,-0.0,-0.0
101,-862.4706564003455,-0.015537659535345938,-0.03576720889178679,-0.0017485032060889783,0.002761451991013165,0.0030542617753437826,0.0027133831208383495,0.002199401296878678,0.0015531179128029924,0.0006957703088181055,-0.0005488365608345258,-0.0024765284890133146,-0.0053479239058756905,0.0,0.0,0.0,0.0,0.0,0.0,0.0,0.0,0.0,0.0,0.0,0.0
102,-8421.282360030806,0.008591991650243904,-0.029080059170403353,-0.021644255643928245,-0.012780032631804378,-0.008771968782959058,-0.006396232261078958,-0.004716667040344332,-0.0033706761754515487,-0.0021947783887090572,-0.001145663065945824,-0.00036305099816367245,-0.0003927890039904895,-0.0,-0.0,-0.0,-0.0,-0.0,-0.0,-0.0,-0.0,-0.0,-0.0,-0.0,-0.0
103,-12321.62307462576,-0.015765008288426075,-0.03316479148216301,0.0006961212435415866,0.0028243933120036388,0.002561713694426168,0.001999510454008621,0.0013502418021726225,0.0005973027022800865,-0.00034613179197668845,-0.0016327942157341054,-0.003488180210280514,-0.006045633376125704,0.0,0.0,0.0,0.0,0.0,0.0,0.0,0.0,0.0,0.0,0.0,0.0
104,-6583.752806937852,-0.021901408852367046,0.05715693207895762,0.050292004630508695,0.03010918040857975,0.02077791387008675,0.015319009584939336,0.011537742525022415,0.008563416685157636,0.005943538333332306,0.003338655407876627,0.0003222634278853855,-0.0038784038678308292,-0.0,-0.0,-0.0,-0.0,-0.0,-0.0,-0.0,-0.0,-0.0,-0.0,-0.0,-0.0
105,13409.931673758332,0.035022225230310344,0.07525688346537122,0.0015890915921717862,-0.0054835888737379945,-0.005553506474508563,-0.00473033301481782,-0.003786075267759511,-0.002855984196374902,-0.0019704431897099254,-0.001154286862168729,-0.0004320754660006148,0.0003541532003868222,0.0,0.0,0.0,0.0,0.0,0.0,0.0,0.0,0.0,0.0,0.0,0.0
106,14976.80760523499,0.008130494258059494,-0.023987128619463335,-0.02641051581984846,-0.01672965592637885,-0.01230127874099641,-0.009897956098382267,-0.008415034866884897,-0.007419778043635671,-0.006704172850486998,-0.006142685106115222,-0.005635321615972709,-0.005104800122040737,-0.0,-0.0,0.0,0.0,0.0,-0.0,-0.0,-0.0,-0.0,-0.0,-0.0,-0.0
107,-878.9773203615625,-0.01568681034460152,-0.03627575347174527,-0.0012187198265632198,0.003617868376191454,0.004180779253043766,0.004167814071594831,0.004089476507848074,0.004051380911876251,0.004082416874811602,0.004190324815837375,0.004358798011617031,0.004502023050725169,0.0,0.0,0.0,0.0,0.0,0.0,0.0,0.0,0.0,0.0,0.0,0.0
108,-8422.790731179291,0.008493424577484093,-0.030437440924847455,-0.023047794941694635,-0.014220013019520392,-0.01041043149553778,-0.008319663918295216,-0.006999077581958122,-0.006089164558829074,-0.005428301875156736,-0.004948377631107167,-0.004667929278601976,-0.004762460843541087,-0.0,-0.0,0.0,0.0,0.0,0.0,0.0,-0.0,-0.0,-0.0,-0.0,-0.0
109,-12273.372548013134,-0.015946555689526465,-0.033656434984112756,0.001287893206382965,0.003672565921837916,0.003640285196115501,0.0033550785378419837,0.003060561687789136,0.0027803043339850145,0.0024921353807594434,0.0021495694397607227,0.0016812348826433028,0.0010383522344697116,0.0,0.0,0.0,0.0,0.0,0.0,0.0,0.0,0.0,0.0,0.0,0.0
110,-6537.373907519253,-0.021773558726415766,0.06001865088224663,0.053411709611272964,0.03322931307407757,0.02426096565400355,0.019347206957213973,0.01625837113392906,0.014138149718034601,0.01258338779833089,0.01135803583115094,0.010257327318356628,0.008981351579879499,-0.0,0.0,0.0,0.0,0.0,0.0,-0.0,-0.0,-0.0,-0.0,-0.0,-0.0
111,13392.447963785082,0.03549512346814647,0.07644506213517102,0.00041702631999454494,-0.007182856441214275,-0.007631589250608574,-0.0072088728275083135,-0.006714326907532106,-0.0062935757963680635,-0.005981342082194036,-0.005801045909380203,-0.0057862258798476104,-0.005927937474035336,0.0,0.0,0.0,0.0,0.0,0.0,0.0,0.0,0.0,0.0,0.0,0.0
112,14970.678881401473,0.00812040905509145,-0.02399523032836582,-0.026399300765375243,-0.016719559624884892,-0.01229250319010666,-0.009890079145293629,-0.008407764641387538,-0.007412904491126512,-0.006697518173437935,-0.006136078854400209,-0.0056286265136795775,-0.005098108419622471,0.0,0.0,0.0,-0.0,-0.0,-0.0,-0.0,-0.0,-0.0,-0.0,-0.0,-0.0
113,-876.8531077886123,-0.015681019266159585,-0.036242098610864575,-0.001196834154573433,0.0036340648014988393,0.004195437991001888,0.004182156230403738,0.00410402389268757,0.004066427984421717,0.004098157581784688,0.0042068724367236065,0.004376138056598069,0.004519946414649424,0.0,0.0,0.0,0.0,0.0,0.0,0.0,0.0,0.0,0.0,0.0,0.0
114,-8419.374515956151,0.008484326421507597,-0.03044452995883582,-0.02303954808705625,-0.01421325756557692,-0.010405063418393186,-0.00831538128787722,-0.00699572406517623,-0.006086689351734477,-0.005426756132327462,-0.004947974463626136,-0.004669225553098329,-0.004766717213380068,0.0,0.0,-0.0,-0.0,-0.0,-0.0,-0.0,-0.0,-0.0,-0.0,-0.0,-0.0
115,-12268.362827886664,-0.015942254328632388,-0.03362615238386865,0.001306023288572149,0.003686518526828833,0.0036531969007398742,0.0033678412227548396,0.003073534607299061,0.0027936542012113996,0.002505921938564847,0.002163764166444521,0.0016957655580409035,0.0010534388873310522,0.0,0.0,0.0,0.0,0.0,0.0,0.0,0.0,0.0,0.0,0.0,0.0
116,-6534.389705884183,-0.021759326526828736,0.060026813299960596,0.05339652741344253,0.03321636810209016,0.024250108799189967,0.01933783327669272,0.016250107765214246,0.01413074689302534,0.012576629283706956,0.011351651034322537,0.010250860528352827,0.008974011581371476,0.0,0.0,-0.0,-0.0,-0.0,-0.0,-0.0,-0.0,-0.0,-0.0,-0.0,-0.0
117,13387.937962064525,0.0354866627238357,0.07639892060249157,0.0003888640515728989,-0.007203837731411055,-0.007650608031724184,-0.007227393214719708,-0.006732936570952697,-0.006312578928593334,-0.006000925516132973,-0.005821319431549314,-0.00580715577330586,-0.005949009453055475,0.0,0.0,0.0,0.0,0.0,0.0,0.0,0.0,0.0,0.0,0.0,0.0
118,14976.040555813133,0.008127185382131264,-0.024039395426145357,-0.02648096295561886,-0.016800961280057636,-0.01238115279638217,-0.00999094165067687,-0.008524910973191285,-0.007550224967744654,-0.006858265567877754,-0.006320085111464779,-0.005822837764521065,-0.005251403636241053,-0.0,-0.0,-0.0,-0.0,-0.0,-0.0,-0.0,-0.0,-0.0,-0.0,-0.0,-0.0
119,-880.2002368147874,-0.015695133712282032,-0.03630689713041533,-0.001197637750276795,0.0036557509646045093,0.004231927634679934,0.004234762190465704,0.004177292767064923,0.0041682901356530225,0.004241832370119955,0.004414508197182369,0.004683461925193458,0.004971328388704722,0.0,0.0,0.0,0.0,0.0,0.0,0.0,0.0,0.0,0.0,0.0,0.0
120,-8423.360151544282,0.008490236459120932,-0.030501274869075803,-0.02311646773508231,-0.014290203073802004,-0.010489915857616727,-0.008412640993819028,-0.007109125737247991,-0.0062199943825340855,-0.005583697339860853,-0.005130905260172263,-0.004874275390206899,-0.004971388455366131,-0.0,-0.0,-0.0,-0.0,-0.0,-0.0,-0.0,-0.0,-0.0,-0.0,-0.0,-0.0
121,-12271.842080134757,-0.015955947569211388,-0.03368505373801788,0.001313207106321148,0.003710893808874096,0.0036898496202788706,0.0034179651520134208,0.003140443341791178,0.0028828169868441765,0.002626040355645471,0.0023287506789170173,0.001926997231574444,0.0013760334267548025,0.0,0.0,0.0,0.0,0.0,0.0,0.0,0.0,0.0,0.0,0.0,0.0
122,-6535.796403520549,-0.02177022227216572,0.06015416609106598,0.05356422883879168,0.033381429402252465,0.024430082354822965,0.019542182640172583,0.016486346832432178,0.014406935309648894,0.012903156969689668,0.011743939806595612,0.010735206244073996,0.00959983641105553,-0.0,-0.0,-0.0,-0.0,-0.0,-0.0,-0.0,-0.0,-0.0,-0.0,-0.0,-0.0
123,13392.466943620137,0.03551942060983528,0.07651106116463172,0.00036637584115685814,-0.007260200680928971,-0.007727485675194356,-0.007324071443246692,-0.00685107508750157,-0.006454674377879966,-0.006169822313144601,-0.006019883496137555,-0.006038849137474539,-0.006225012798452389,0.0,0.0,0.0,0.0,0.0,0.0,0.0,0.0,0.0,0.0,0.0,0.0
124,14967.797658709298,0.008115911598409376,-0.02400045353901781,-0.026395808364458855,-0.016716429594461738,-0.012289999704836985,-0.00988808694320902,-0.008406194881658627,-0.007411695433187274,-0.006696623040611926,-0.0061354651836573034,-0.005628310791203553,-0.005098298901106444,-0.0,-0.0,-0.0,-0.0,-0.0,-0.0,-0.0,-0.0,-0.0,-0.0,-0.0,0.0
125,-875.9881790076679,-0.01567912014248447,-0.03622802882915526,-0.001186836832649523,0.0036417586830900326,0.004202584286898552,0.004189299288671044,0.004111410425583637,0.004074206916059788,0.004106433618931634,0.004215712059282415,0.004385547543320294,0.004529868832064818,0.0,0.0,0.0,0.0,0.0,0.0,0.0,0.0,0.0,0.0,0.0,0.0
126,-8416.65915752469,0.008476471148021521,-0.03045067163263077,-0.02303303333400501,-0.01420817075425953,-0.01040127566146391,-0.008312639361288062,-0.006993904566723407,-0.006085761212028322,-0.005426778551694017,-0.004949153008206102,-0.004672085314040935,-0.004772469342619897,-0.0,-0.0,-0.0,-0.0,-0.0,-0.0,-0.0,-0.0,-0.0,-0.0,-0.0,-0.0
127,-12263.797474976458,-0.015938626422097858,-0.03360055242410079,0.001321284291308712,0.0036983913353883405,0.003664294218295623,0.0033789020871109712,0.0030848563352428534,0.0028053719099034643,0.002518074897563255,0.0021763025562869056,0.0017085730961429843,0.0010666102101786585,0.0,0.0,0.0,0.0,0.0,0.0,0.0,0.0,0.0,0.0,0.0,0.0
128,-6533.592618299875,-0.02175381156655841,0.0600303038669328,0.05339135979074832,0.0332121093475358,0.024246754278643694,0.019335178060507427,0.016248025895268418,0.01412915396451811,0.012575445028295499,0.011350750749629409,0.010249978976921544,0.008972569961114103,-0.0,-0.0,-0.0,-0.0,-0.0,-0.0,-0.0,-0.0,-0.0,-0.0,-0.0,-0.0
129,13386.103899887285,0.03548326978369535,0.07638131054402787,0.00037771812821002206,-0.0072123731142583625,-0.007658478485386801,-0.007235153221514473,-0.006740815123812187,-0.006320703864381686,-0.006009391179576083,-0.0058302108933402565,-0.0058165305643821195,-0.00595872051232637,0.0,0.0,0.0,0.0,0.0,0.0,0.0,0.0,0.0,0.0,0.0,0.0
130,14967.442492883623,0.00811569559529531,-0.024000735241784053,-0.02639550710806773,-0.016716131379980178,-0.01228972542675525,-0.009887826352445823,-0.008405938829124205,-0.007411436059625533,-0.006696352867017239,-0.0061351769885777275,-0.005627999355042066,-0.005097965999877273,-0.0,-0.0,-0.0,-0.0,-0.0,-0.0,-0.0,-0.0,-0.0,-0.0,-0.0,-0.0
131,-875.9661414367695,-0.015678942482099632,-0.03622716877999479,-0.0011861892267934805,0.003642241245577601,0.004203021839704088,0.004189728990098169,0.004111848834473295,0.004074663966024749,0.004106916585498421,0.004216226817913189,0.004386099581840564,0.004530469060876985,0.0,0.0,0.0,0.0,0.0,0.0,0.0,0.0,0.0,0.0,0.0,0.0
132,-8416.380484008872,0.008475864412675099,-0.03045088192732686,-0.023032222490627724,-0.01420748126929533,-0.010400669946854114,-0.008312085587171664,-0.0069933861605363514,-0.006085270649393998,-0.0054263156899188,-0.0049487271740165095,-0.004671721047439835,-0.0047722089394678325,-0.0,-0.0,-0.0,-0.0,-0.0,-0.0,-0.0,-0.0,-0.0,-0.0,-0.0,-0.0
133,-12263.427398675647,-0.015938227783604042,-0.03359833103258396,0.0013224668172291312,0.003699258667730631,0.0036650717008211422,0.003379650630523004,0.0030855998207641637,0.0028061220694601146,0.0025188387170998563,0.0021770866196459526,0.0017093921771075692,0.0010675130420761075,0.0,0.0,0.0,0.0,0.0,0.0,0.0,0.0,0.0,0.0,0.0,0.0
134,-6533.534718486989,-0.021752820090050015,0.060030734572629384,0.0533902288199347,0.03321114901596717,0.02424593341297463,0.01933445168343337,0.016247368205061476,0.014128549052254994,0.012574880759239376,0.01135021374397844,0.010249448665198562,0.008972016534163671,-0.0,-0.0,-0.0,-0.0,-0.0,-0.0,-0.0,-0.0,-0.0,-0.0,-0.0,-0.0
135,13385.706288794834,0.03548268709353097,0.0763780713578819,0.0003758561702312238,-0.00721374353309626,-0.0076597098692039465,-0.007236342071950274,-0.006741999280103958,-0.006321902007554294,-0.00601061353927941,-0.005831461214640987,-0.005817800456197407,-0.005959966953498925,0.0,0.0,0.0,0.0,0.0,0.0,0.0,0.0,0.0,0.0,0.0,0.0
136,14967.783896028363,0.008115740105756771,-0.02400067999263085,-0.026395728916421606,-0.016716366794186244,-0.01228996090383952,-0.00988806976921765,-0.008406197971296651,-0.0074117188299134915,-0.006696668589795803,-0.006135538077827461,-0.005628423841862367,-0.005098481276090613,-0.0,-0.0,-0.0,-0.0,-0.0,-0.0,-0.0,-0.0,-0.0,-0.0,-0.0,-0.0
137,-875.9141830331954,-0.01567909741058913,-0.036227534275772334,-0.0011865045600268072,0.0036420207873481252,0.004202831277553886,0.00418954785963594,0.00411166768937628,0.004074476376973185,0.004106716645928112,0.0042160080881934415,0.004385854814327758,0.0045301915896404895,0.0,0.0,0.0,0.0,0.0,0.0,0.0,0.0,0.0,0.0,0.0,0.0
138,-8416.55708097918,0.008476056403222073,-0.03045108896529973,-0.02303277724954521,-0.014207988130038297,-0.01040116767112715,-0.008312595754343137,-0.00699392055330676,-0.006085836523691652,-0.005426917964936008,-0.004949370402960731,-0.0046724157556123315,-0.004772995564725162,-0.0,-0.0,-0.0,-0.0,-0.0,-0.0,-0.0,-0.0,-0.0,-0.0,-0.0,-0.0
139,-12263.554678584718,-0.01593846418550465,-0.03359924847713235,0.0013221069580693662,0.003699048659487899,0.0036649203318512404,0.003379535848146826,0.0030855136460857012,0.002806059847423866,0.0025187947309527076,0.0021770493894282326,0.0017093364344378322,0.001067391501337618,0.0,0.0,0.0,0.0,0.0,0.0,0.0,0.0,0.0,0.0,0.0,0.0
140,-6533.600008336275,-0.021753947993678482,0.06003016827996368,0.053391462363585926,0.033212194876516124,0.02424682244734159,0.019335232820420538,0.016248069439081102,0.014129187019277744,0.012575466704258891,0.011350757310210903,0.01024996034444143,0.008972502772009368,-0.0,-0.0,-0.0,-0.0,-0.0,-0.0,-0.0,-0.0,-0.0,-0.0,-0.0,-0.0
141,13386.166651375861,0.03548329999088005,0.07638172419939537,0.00037796723456112426,-0.0072121845671931405,-0.007658304832617081,-0.007234981340641846,-0.006740639726632237,-0.006320522586105173,-0.006009203387718922,-0.0058300174868430536,-0.005816333213630776,-0.005958515388491772,0.0,0.0,0.0,0.0,0.0,0.0,0.0,0.0,0.0,0.0,0.0,0.0
142,14972.548629281484,0.008111537661656279,-0.02429099516819944,-0.0268208117173488,-0.017144931180647832,-0.01276638724538361,-0.010439347988104912,-0.009054714458513753,-0.008179173781717501,-0.007601190257738421,-0.007175361282687279,-0.006726878372178917,-0.005958193121189477,0.0,-0.0,-0.0,-0.0,-0.0,-0.0,-0.0,0.0,0.0,-0.0,-0.0,-0.0
143,-886.0762898788339,-0.015735403276519712,-0.03645797392615939,-0.0010967150567826173,0.0038378322817857434,0.004478001310391752,0.004557003187640497,0.0046001158834213735,0.004731333966785747,0.005009752060101513,0.0054946197118521155,0.0062479359949665645,0.00723307899402304,0.0,0.0,0.0,0.0,0.0,0.0,0.0,0.0,0.0,0.0,0.0,0.0
144,-8426.051894159344,0.00847499770312848,-0.030808722394139173,-0.02344753330216359,-0.014628587268174714,-0.010873084788019502,-0.008860833668105568,-0.007639594413069893,-0.006850629151069681,-0.006332741718631413,-0.006010730483218524,-0.005868891273408275,-0.005978352798422627,-0.0,-0.0,-0.0,-0.0,-0.0,-0.0,0.0,0.0,0.0,0.0,0.0,-0.0
145,-12264.427933113291,-0.016001234843717963,-0.03382334194291195,0.0014349219824098395,0.003895415401615631,0.003928557655622066,0.0037208978398621914,0.0035253012142022148,0.0033767699790147212,0.0032713312304308165,0.0031923272456984048,0.0031115986223478618,0.0030038551132614225,0.0,0.0,0.0,0.0,0.0,0.0,0.0,0.0,0.0,0.0,0.0,0.0
146,-6528.149826123558,-0.02175402229397567,0.06080721234833712,0.05429892575360248,0.03411419618870927,0.02524478261537795,0.020481500744610595,0.017584696088982787,0.01570195780676749,0.01444389384192886,0.01360343452815209,0.013038049929062498,0.012580542183267665,-0.0,-0.0,-0.0,-0.0,-0.0,0.0,0.0,0.0,0.0,0.0,-0.0,-0.0
147,13392.584207436703,0.03563644306019443,0.07682864872112109,0.00012207169937730603,-0.0076330350998141,-0.00818968392346818,-0.007879267601640016,-0.007510107896096955,-0.00723104533671078,-0.007078139220945891,-0.00707447979437939,-0.0072562300321317285,-0.007656574074827999,0.0,0.0,0.0,0.0,0.0,0.0,0.0,0.0,0.0,0.0,0.0,0.0
148,14975.75769588626,0.008091752487537341,-0.02469544307774941,-0.027387011517122875,-0.017720654597945546,-0.013414033048068303,-0.0111981396972876,-0.00995891221088403,-0.009263077391737333,-0.008893198937839101,-0.008667416195632752,-0.008269522777069743,-0.006972550511868901,-0.0,-0.0,-0.0,-0.0,-0.0,-0.0,-0.0,0.0,0.0,0.0,0.0,0.0
149,-897.8063989615217,-0.015807153691906113,-0.03672961083850861,-0.000948546886052706,0.004126093531882427,0.0048776510958182685,0.005091543697766548,0.005317193665381533,0.005710382149180869,0.006384152866659181,0.007492549665713668,0.009246836412719261,0.01171388881864065,0.0,0.0,0.0,0.0,0.0,0.0,0.0,0.0,0.0,0.0,0.0,0.0
150,-8435.839685193565,0.008456291980949968,-0.031306839214797086,-0.023999363040210005,-0.015194866330543216,-0.011517695611154071,-0.009620756224827933,-0.008548119502479747,-0.007943260123977015,-0.007645278723244333,-0.007562311572506421,-0.007600387251285534,-0.0075844997407935,-0.0,-0.0,-0.0,0.0,0.0,0.0,0.0,0.0,0.0,-0.0,0.0,0.0
151,-12257.483005913762,-0.016080511695415405,-0.03407526708263251,0.001619889990547635,0.00418990237653048,0.004318530167280009,0.004226576908041242,0.00418314933066826,0.004244864612633659,0.0044437332208689066,0.004824717388650218,0.005453678638119042,0.0063643322420849704,0.0,0.0,0.0,0.0,0.0,0.0,0.0,0.0,0.0,0.0,0.0,0.0
152,-6518.185328127669,-0.021750337551634386,0.06186389835131825,0.055528221330703766,0.03534356916411356,0.0266164857236697,0.02207309501245368,0.01946285298307531,0.017943272014730147,0.01715244613415791,0.01694186990984753,0.017301504386963547,0.018366360874307968,-0.0,0.0,0.0,0.0,0.0,-0.0,-0.0,-0.0,0.0,0.0,0.0,0.0
153,13401.91602596082,0.035840235072582834,0.07741854664942817,-0.000238319941937713,-0.008219795189841773,-0.008933883396989797,-0.008788384088127944,-0.008605229872629327,-0.008537770151380507,-0.008621737552356875,-0.008873310657013595,-0.009321314716106132,-0.010067903875915534,0.0,0.0,0.0,0.0,0.0,0.0,0.0,0.0,0.0,0.0,0.0,0.0
154,14976.200532810379,0.008088927376554733,-0.02475413413885141,-0.027469283059965058,-0.017804295392286375,-0.01350811316164138,-0.011308358394417434,-0.010090247369230615,-0.009420512761873317,-0.00908086108346126,-0.008884133872402026,-0.008493575234945443,-0.007119801652573928,-0.0,-0.0,-0.0,-0.0,-0.0,-0.0,-0.0,-0.0,-0.0,-0.0,-0.0,-0.0
155,-899.6087289622682,-0.015817578074475338,-0.036769274168433654,-0.0009271132951368648,0.004167887931038761,0.004935625449406202,0.005169108534492712,0.005421268829604265,0.005852506701512012,0.006583705784320499,0.007782686537726656,0.00968240830833196,0.012364796363745139,0.0,0.0,0.0,0.0,0.0,0.0,0.0,0.0,0.0,0.0,0.0,0.0
156,-8437.468605341332,0.008454036697635869,-0.03137912971157575,-0.024080227842782742,-0.015277727827093789,-0.011611889400194128,-0.00973169054504237,-0.008680655489299987,-0.00810257764990307,-0.007836602331613377,-0.007788447660574951,-0.007852765248878025,-0.007818740549439731,-0.0,-0.0,-0.0,-0.0,-0.0,-0.0,-0.0,-0.0,-0.0,-0.0,-0.0,-0.0
157,-12256.847473508571,-0.01609231593786607,-0.03411363783279215,0.0016459221271673248,0.004232072942104795,0.0043746282214891285,0.004299492868690944,0.0042781602632239865,0.0043703978418336755,0.004613451513255281,0.005061248432720456,0.005793335646250975,0.006852040404050941,0.0,0.0,0.0,0.0,0.0,0.0,0.0,0.0,0.0,0.0,0.0,0.0
158,-6516.828440902464,-0.02175022284116558,0.06201711985281806,0.055707219694747,0.03552253834695618,0.02681608301312896,0.02230460303755774,0.019735966998446035,0.018269125169817737,0.017546163269685073,0.017427086575197977,0.017921119379386417,0.019207232109301402,-0.0,-0.0,-0.0,-0.0,-0.0,-0.0,-0.0,-0.0,-0.0,-0.0,-0.0,-0.0
159,13403.320484278795,0.035870061570994816,0.07750552033876049,-0.0002898223645383881,-0.008304381506099334,-0.009041381182797868,-0.0089198278291564,-0.00876365439286778,-0.008726868601792021,-0.008845150014169535,-0.00913365846174174,-0.009620125518366373,-0.010416688642148916,0.0,0.0,0.0,0.0,0.0,0.0,0.0,0.0,0.0,0.0,0.0,0.0
160,15050.503207282178,0.008338092019170348,-0.021914307660668035,-0.023786961821585732,-0.014063969261783785,-0.009295647857376098,-0.006381208348157555,-0.00424445048843327,-0.00245590153109155,-0.0008305845236213309,0.0006262620618531302,0.0015227586595038458,0.0004901529476531154,-0.0,-0.0,-0.0,-0.0,-0.0,-0.0,-0.0,-0.0,-0.0,-0.0,-0.0,-0.0
161,-848.5540542352743,-0.015412075782838685,-0.03534129562183256,-0.0022000511740854684,0.00203463562186448,0.0020997765763291717,0.0014826077697850761,0.0006018589562972879,-0.0005559765571647014,-0.0021598345381947806,-0.004539900225989823,-0.00822580880724876,-0.01362377091725328,0.0,0.0,0.0,0.0,0.0,0.0,0.0,0.0,0.0,0.0,0.0,0.0
162,-8419.99398632952,0.00867689602886238,-0.027931155018304423,-0.020459208524601005,-0.011564222015422489,-0.007388568411622246,-0.004772445750727233,-0.002790321084100305,-0.001077071771580737,0.0005323181359267525,0.0020604300209570965,0.003266333017269792,0.003295112135934498,-0.0,-0.0,-0.0,-0.0,-0.0,-0.0,-0.0,-0.0,-0.0,-0.0,-0.0,-0.0
163,-12362.894179925841,-0.015612170143288527,-0.03275395486259059,0.0001930434615562123,0.002105732871746296,0.0016491332324074064,0.0008538335663428563,-9.374114770966405e-05,-0.001243774580099128,-0.0027371241338383914,-0.004815270996284224,-0.007832338290790516,-0.011991933410745084,0.0,0.0,0.0,0.0,0.0,0.0,0.0,0.0,0.0,0.0,0.0,0.0
164,-6623.28735352351,-0.02201204589806744,0.05473607471657024,0.04765717716698166,0.027474001987033037,0.017836329189849634,0.011917572591991853,0.007552716460799402,0.003859198679187422,0.0003433434038536219,-0.0034206774753705793,-0.008044512101959774,-0.014695393323110446,-0.0,-0.0,-0.0,-0.0,-0.0,-0.0,-0.0,-0.0,-0.0,-0.0,-0.0,-0.0
165,13425.666652821512,0.034623760074104365,0.07426007954111412,0.0025841529035556267,-0.004044598602322703,-0.0037954704981257373,-0.0026351026048610743,-0.0013123953904075366,4.6034404864420364e-05,0.001413399018916211,0.002763682017081795,0.004079899493205063,0.0056446224184076126,0.0,0.0,0.0,0.0,0.0,0.0,0.0,0.0,0.0,0.0,0.0,0.0
166,2422.6865982482245,0.0011527020562018498,-0.003888010407158776,-0.0036922642434587404,-0.002086607800362068,-0.001332356939438984,-0.0008891780527994167,-0.0005813306478451795,-0.00034194285105217803,-0.0001456291902213576,-3.7520054638561444e-07,2.0006024091258097e-05,-0.00031487523289491716,-0.0,-0.0,-0.0,-0.0,-0.0,-0.0,-0.0,-0.0,-0.0,-0.0,-0.0,-0.0
167,-200.61342822534763,-0.00251990438611821,-0.005193327805386298,7.725965919067206e-05,0.0006041334864609772,0.0005379438571511552,0.0003876649377628606,0.00020561914062621473,-1.52693679381349e-05,-0.00030336262850038775,-0.0007099282493154658,-0.001312262699642598,-0.0021534393215441165,0.0,0.0,0.0,0.0,0.0,0.0,0.0,0.0,0.0,0.0,0.0,0.0
168,-1410.8447968307698,0.001206566499346249,-0.004782935690582537,-0.0031349021326376202,-0.0017035556804385374,-0.0010570956671875317,-0.0006693181433169267,-0.00039186386543512997,-0.0001680779940018822,2.5691136167568146e-05,0.000188529374845995,0.0002730012304724881,0.00012172342603822515,-0.0,-0.0,-0.0,-0.0,-0.0,-0.0,-0.0,-0.0,-0.0,-0.0,-0.0,-0.0
169,-1956.4626335016721,-0.002552731091976436,-0.00471427046045955,0.0003813319103114727,0.0005559135330281786,0.00041824876332056336,0.0002464878621705554,5.8576945082832566e-05,-0.00015781760326817178,-0.00042774284772176225,-0.0007926687341380149,-0.0013139601213020026,-0.0020304999790763485,0.0,0.0,0.0,0.0,0.0,0.0,0.0,0.0,0.0,0.0,0.0,0.0
170,-1010.6350933763332,-0.0031942210665056475,0.009488589285261423,0.007397753802018158,0.0040991755705664205,0.0025825272130172742,0.0016866655204607083,0.0010601924419969156,0.0005648651391093139,0.0001275765307331517,-0.00031127987072766095,-0.0008393599775830528,-0.0016387291713017306,-0.0,-0.0,-0.0,-0.0,-0.0,-0.0,-0.0,-0.0,-0.0,-0.0,-0.0,-0.0
171,2192.8721514776475,0.005674155059157324,0.010938076002294335,-0.00036220234835443227,-0.0011441678577246413,-0.0009640984384461498,-0.0006841754687136528,-0.000398740627700323,-0.0001202960615104982,0.00014807629771983153,0.00039870266316935067,0.0006186871977815513,0.0008341356998355686,0.0,0.0,0.0,0.0,0.0,0.0,0.0,0.0,0.0,0.0,0.0,0.0
172,-7861.49380325069,0.008929845552753751,-0.01636190969625052,-0.009392316057427748,-0.0008245251393250013,0.004496844484807782,0.00897921082161132,0.013401746098174586,0.018131924363041077,0.023345211284784614,0.028905396978444617,0.03377526399906412,0.034644673499847574,-0.0,-0.0,-0.0,-0.0,-0.0,-0.0,-0.0,-0.0,-0.0,-0.0,-0.0,-0.0
173,-11900.920731372687,-0.01330762465804327,-0.027569084753682582,-0.004257211862321316,-0.004168626044767122,-0.0061668114263522,-0.00882736325988522,-0.012185867344262233,-0.016567873531690123,-0.022555926881929103,-0.031116875016765685,-0.04365877062311939,-0.06098426059306176,0.0,0.0,0.0,0.0,0.0,0.0,0.0,0.0,0.0,0.0,0.0,0.0
174,13921.579503624334,0.007715632422311944,-0.020157666203975348,-0.02182669572970971,-0.012825585228258269,-0.008391462147413663,-0.005661425351150284,-0.003641179322359472,-0.0019328089870465565,-0.0003645314135344306,0.001056232972648317,0.0019510681860075447,0.0009981732883980988,-0.0,-0.0,-0.0,-0.0,-0.0,-0.0,-0.0,-0.0,-0.0,-0.0,-0.0,-0.0
175,-781.5861043519045,-0.014235102078129891,-0.03260044995114774,-0.002064025541636121,0.0018102892781086813,0.0018400191784340826,0.001235513635549362,0.00037865914869142207,-0.0007488393678464283,-0.0023124434244432813,-0.004633482670053228,-0.008227783093236195,-0.013496139834865776,0.0,0.0,0.0,0.0,0.0,0.0,0.0,0.0,0.0,0.0,0.0,0.0
176,-7785.275101118075,0.00802775868479279,-0.025706036895841788,-0.01877303218172339,-0.010540313292544467,-0.006656996491909996,-0.0042074436635462535,-0.002336612246111532,-0.0007059056638600703,0.0008391516717794784,0.0023217560666641793,0.0035205362950873793,0.003642017580810042,-0.0,-0.0,-0.0,-0.0,-0.0,-0.0,-0.0,-0.0,-0.0,-0.0,-0.0,-0.0
177,-11437.364463324398,-0.014419712554305322,-0.030218745826483148,0.0001391712207350305,0.0018807609756458015,0.0014370787154800728,0.000678124760169177,-0.00022605214534853098,-0.0013240633732337376,-0.0027492838970584817,-0.004729919119296331,-0.007600987743675777,-0.011559304265418633,0.0,0.0,0.0,0.0,0.0,0.0,0.0,0.0,0.0,0.0,0.0,0.0
178,-6129.647297890674,-0.020359588624123435,0.05036565552046182,0.043726376941129186,0.02504594255331421,0.016085870713679007,0.010545943353605522,0.006426564038524879,0.002909893706477081,-0.00046492757296541157,-0.004098985447783125,-0.008569885370249419,-0.014977200831898886,-0.0,-0.0,-0.0,-0.0,-0.0,-0.0,-0.0,-0.0,-0.0,-0.0,-0.0,-0.0
179,12416.540105046204,0.031977758728228785,0.06849897527711359,0.002456667425165249,-0.003602860296306578,-0.00332374030485902,-0.0022007413348769074,-0.0009209283248752557,0.0004021177094839576,0.0017475219852185894,0.003096522126466664,0.004441546688973022,0.006058867195583436,0.0,0.0,0.0,0.0,0.0,0.0,0.0,0.0,0.0,0.0,0.0,0.0
180,15016.19870882992,0.008241985463708981,-0.022865846794051275,-0.0249892912362452,-0.015285517603657704,-0.010672918285431881,-0.007992492217287317,-0.0061549335219869775,-0.00472922128102344,-0.003519828803028851,-0.0024723318855011784,-0.001754398656121847,-0.002076004894313118,-0.0,-0.0,-0.0,-0.0,-0.0,-0.0,-0.0,-0.0,-0.0,-0.0,-0.0,-0.0
181,-862.4768740300009,-0.015537651893626532,-0.03576707710251634,-0.001748230262919324,0.0027617271233619993,0.0030545437066344626,0.0027136700581576593,0.002199682744033003,0.0015533718332423586,0.0006959551900130276,-0.0005487975955421619,-0.0024767721531699714,-0.005348644263996792,0.0,0.0,0.0,0.0,0.0,0.0,0.0,0.0,0.0,0.0,0.0,0.0
182,-8415.660903329155,0.008472474825050497,-0.03045461024438165,-0.02303049087908224,-0.014206341118134473,-0.010400160847777446,-0.008312137231555588,-0.006993967195757034,-0.0060863847918903044,-0.005428007962177259,-0.004951120139966817,-0.004675122915352901,-0.004777358177411766,-0.0,-0.0,-0.0,-0.0,-0.0,-0.0,-0.0,-0.0,-0.0,-0.0,-0.0,-0.0
183,-12261.45070253079,-0.01593703936748169,-0.03358794217589202,0.0013291902558844333,0.0037046951303236434,0.0036702915131186977,0.003384967366579678,0.003091142747266305,0.0028119479441282096,0.0025249540129536675,0.0021834407905025497,0.0017158762910633165,0.0010741031862890789,0.0,0.0,0.0,0.0,0.0,0.0,0.0,0.0,0.0,0.0,0.0,0.0
184,2222.1884546231736,0.0008486390228273886,-0.004031617070391241,-0.003260805494665495,-0.0017184896495706144,-0.001032750722548947,-0.0006530900651472378,-0.00041306348988742823,-0.0002533035576848972,-0.0001558784244176772,-0.0001378485407158377,-0.00028350652712680677,-0.0008261576715608554,-0.0,-0.0,-0.0,-0.0,-0.0,-0.0,-0.0,-0.0,-0.0,-0.0,-0.0,-0.0
185,-205.52103662909988,-0.0023687219364442146,-0.004212727529189639,0.0006036183489447323,0.0009091622832585924,0.000753420992150472,0.0005492230664958342,0.00032768290707549337,7.631769992042744e-05,-0.00023304869780516296,-0.0006467187387301361,-0.0012284627302235913,-0.0019921262887218176,0.0,0.0,0.0,0.0,0.0,0.0,0.0,0.0,0.0,0.0,0.0,0.0
186,-1338.2782120622244,0.0008624050539776548,-0.004830441163129828,-0.0026782039060881512,-0.0013453298014765415,-0.0007803253393982155,-0.00046738733179907616,-0.0002694936113466702,-0.0001372761540243841,-5.346703002093323e-05,-2.6508291770401636e-05,-0.00011483909570456372,-0.0004953112768733665,-0.0,-0.0,-0.0,-0.0,-0.0,-0.0,-0.0,-0.0,-0.0,-0.0,-0.0,-0.0
187,-1787.0392248042135,-0.002397284078733396,-0.003597357380116189,0.0008652959501090763,0.0008369458338590264,0.0006160578036233078,0.00039238320274384743,0.00016541832072211127,-8.235012899861336e-05,-0.00037751152742358703,-0.0007619559357703265,-0.0012974736399176752,-0.0020239137413798985,0.0,0.0,0.0,0.0,0.0,0.0,0.0,0.0,0.0,0.0,0.0,0.0
188,-898.498275353941,-0.0026125629150974576,0.00961488824325642,0.006580607568601634,0.003438057305862044,0.0020601054556357128,0.0012906549105652493,0.0007979213110671228,0.00045725469975866674,0.00020795629964947743,4.869150656658952e-06,-0.00022197572926160658,-0.0006390513476899751,-0.0,-0.0,-0.0,-0.0,-0.0,-0.0,-0.0,-0.0,-0.0,-0.0,-0.0,-0.0
189,2026.8459907351237,0.005372763221428242,0.009034970655117611,-0.0012588823749412783,-0.0016629468592152614,-0.0013302955409596052,-0.0009571914167350958,-0.0006028150057853516,-0.0002705315134787699,3.734333609376414e-05,0.0003083358834135603,0.0005167288776528792,0.000662998692728957,0.0,0.0,0.0,0.0,0.0,0.0,0.0,0.0,0.0,0.0,0.0,0.0
